avg_difficulty,avg_completion,recent_pain_count,days_since_last,pain_severity_weight,target_recovery_score
4.02,0.54,1,7,1,0.388
3.05,0.41,0,3,0,0.821
4.52,0.62,2,6,1,0.279
2.84,0.43,0,7,0,0.821
4.54,0.72,1,5,0.3,0.583
3.27,0.46,0,3,0,0.819
4.9,0.85,0,3,0,0.729
1.93,0.5,0,6,0,0.914
4.46,0.95,0,5,0,0.803
3.05,0.64,1,5,0.3,0.714
4.25,0.7,0,0,0,0.766
2.23,0.71,0,2,0,0.948
1.41,0.78,0,6,0,1
3.27,0.91,1,2,0.6,0.648
3.07,0.4,0,7,0,0.858
2.79,0.55,0,3,0,0.892
3.28,0.49,1,2,0.6,0.525
1.75,0.8,0,0,0,0.948
2.97,0.46,0,0,0,0.82
4.28,0.44,0,7,0,0.725
3.16,0.82,0,3,0,0.871
3.27,1,1,7,0.3,0.733
4.82,0.79,0,3,0,0.765
3.35,0.9,0,5,0,0.835
2.62,0.85,0,6,0,0.91
2.37,0.59,2,4,0.6,0.631
3.16,0.49,0,4,0,0.806
3.18,0.41,0,2,0,0.783
3.82,0.67,0,0,0,0.784
1.33,0.48,0,2,0,0.99
4.58,0.82,0,5,0,0.76
3.42,0.5,0,1,0,0.808
3.74,0.44,1,4,0.6,0.556
2.2,0.71,0,0,0,0.971
1.57,0.88,1,2,0.6,0.71
2.93,0.64,0,6,0,0.897
3.5,0.85,0,4,0,0.828
4.09,0.7,1,5,0.3,0.63
2.08,0.51,0,5,0,0.957
3.11,0.87,0,1,0,0.88
2.69,0.61,0,4,0,0.861
3.16,0.83,0,3,0,0.858
1.5,0.56,1,7,0.3,0.843
4.13,0.55,0,5,0,0.782
2.15,0.98,0,0,0,0.987
1.89,0.82,0,5,0,0.985
2.9,0.83,1,5,1,0.465
2.32,1,1,4,0.3,0.777
2.34,0.6,0,0,0,0.946
3.78,0.56,0,5,0,0.783
4.72,0.98,0,1,0,0.792
3.02,0.86,0,0,0,0.865
4.62,0.62,0,0,0,0.726
2.71,0.83,0,6,0,0.898
4.06,0.56,0,3,0,0.785
4.75,0.96,0,3,0,0.781
2.16,0.7,0,4,0,0.898
4.62,0.65,0,2,0,0.708
2.38,0.94,0,3,0,0.958
1.38,0.51,0,4,0,0.938
2.08,0.72,0,7,0,0.935
3.89,0.86,0,0,0,0.799
2.57,0.98,0,4,0,0.965
1.62,0.57,0,6,0,0.933
4.08,0.58,1,2,0.6,0.545
3.86,0.47,0,0,0,0.804
2.24,0.56,0,7,0,0.915
4.11,0.95,1,2,1,0.388
2.68,0.71,1,1,0.6,0.611
4.6,0.45,0,2,0,0.675
2.74,0.5,0,3,0,0.87
1.43,0.84,1,2,0.6,0.727
3.76,0.48,0,4,0,0.788
4.21,0.75,0,6,0,0.769
4.43,0.43,1,4,0.6,0.469
3.19,0.6,0,3,0,0.829
1.08,0.6,0,1,0,0.97
1.04,0.68,0,6,0,1
1.76,0.59,2,0,0.3,0.762
2.52,0.48,0,2,0,0.862
3.85,0.43,0,5,0,0.746
3.86,0.85,0,1,0,0.799
2,0.55,0,2,0,0.964
1.79,0.63,3,7,0.3,0.664
3.76,0.42,1,0,0.3,0.655
1.08,0.49,1,4,0.3,0.84
1.3,0.78,0,5,0,0.979
1.92,0.84,0,0,0,0.934
1.55,0.62,2,6,0.6,0.69
2.94,0.71,0,4,0,0.887
4.24,0.89,0,3,0,0.764
4.67,0.98,1,3,0.3,0.611
2.56,0.86,0,7,0,0.925
2.02,0.9,0,2,0,0.985
3.23,0.6,1,6,0.6,0.601
3.05,0.58,1,4,0.3,0.724
4.29,0.98,0,2,0,0.82
1.42,0.77,0,6,0,1
1.32,0.45,0,5,0,1
3.03,0.57,1,6,0.6,0.629
3.45,0.94,0,4,0,0.845
3.75,0.72,0,7,0,0.783
3.17,0.96,0,4,0,0.849
4.8,0.79,2,6,0.3,0.526
1.74,0.44,0,0,0,0.941
3.53,0.58,3,1,0.6,0.454
2.25,0.73,0,3,0,0.937
2.18,0.6,0,4,0,0.957
1.35,0.87,0,0,0,1
4.09,0.65,1,0,0.6,0.511
3.73,0.91,1,7,0.6,0.589
1.66,0.7,1,2,0.3,0.827
1.83,0.42,0,3,0,0.941
1.93,0.95,0,7,0,1
3.15,0.58,0,0,0,0.803
3.9,0.52,0,6,0,0.774
4.56,0.44,0,5,0,0.734
3.13,0.53,0,1,0,0.866
1.91,0.6,0,6,0,0.949
1.04,0.56,0,0,0,0.996
4.93,0.66,0,2,0,0.719
2.28,0.75,0,4,0,0.95
3.81,0.76,2,4,0.3,0.633
2.27,0.72,0,3,0,0.947
4.53,0.57,0,1,0,0.707
4.04,0.73,0,0,0,0.79
4.31,0.63,0,6,0,0.764
4.24,0.43,1,4,0.6,0.469
4.8,0.91,0,7,0,0.711
2.28,0.43,2,1,0.3,0.65
1.57,0.76,1,0,0.6,0.75
2.21,0.61,0,3,0,0.958
1.81,0.91,0,6,0,0.97
4.15,0.98,3,4,0.3,0.524
3.16,0.58,1,2,0.3,0.694
2.71,0.73,0,0,0,0.924
4.68,0.82,1,0,1,0.345
3.09,0.64,0,6,0,0.82
1.33,0.49,0,1,0,0.951
3.12,0.48,0,1,0,0.848
2.18,0.43,0,0,0,0.888
4.74,0.82,0,4,0,0.736
3.01,0.44,2,1,1,0.423
4.06,0.46,0,2,0,0.78
1.95,0.65,1,5,0.6,0.666
1.49,0.83,0,2,0,1
3.39,0.52,2,1,0.3,0.639
4.19,0.77,0,2,0,0.748
3.69,0.9,0,4,0,0.838
3.62,0.89,0,6,0,0.81
2.39,0.88,0,0,0,0.955
3.02,0.69,1,0,0.6,0.605
3.49,0.73,0,5,0,0.827
5,0.44,0,4,0,0.681
2.72,0.87,0,4,0,0.932
4.73,0.97,0,7,0,0.722
4.37,0.86,1,0,1,0.384
4.86,0.53,0,4,0,0.72
4.58,0.66,0,1,0,0.773
4.55,0.87,1,1,0.3,0.584
2.69,0.88,0,2,0,0.916
3.21,0.94,0,0,0,0.894
4.52,0.4,0,4,0,0.68
3.23,0.53,0,2,0,0.807
3.88,0.85,1,1,0.6,0.531
4.96,0.73,0,6,0,0.698
4.54,0.86,0,1,0,0.8
4.4,0.4,0,1,0,0.748
1.15,0.69,0,7,0,0.994
3.47,0.51,0,0,0,0.819
2.57,0.92,0,1,0,0.957
2.18,0.78,2,4,0.3,0.74
1.1,0.82,0,7,0,1
4.79,0.93,2,4,1,0.318
4.48,0.88,0,7,0,0.773
3.59,0.86,2,2,0.6,0.524
3.62,0.52,0,3,0,0.83
2.54,0.94,0,5,0,0.9
1.84,0.53,0,0,0,0.974
3.13,0.53,2,1,0.3,0.662
3.94,0.63,0,2,0,0.761
4.61,0.6,0,1,0,0.763
4.83,0.99,1,4,0.6,0.488
2.91,0.82,0,5,0,0.908
1.23,0.72,1,6,0.3,0.851
4.65,0.7,0,3,0,0.776
3.77,0.86,0,4,0,0.8
3.5,0.47,0,7,0,0.781
4.72,0.89,0,2,0,0.714
2.34,0.84,0,6,0,0.949
1.35,0.68,0,5,0,1
1.63,0.84,0,4,0,0.976
4.8,0.76,0,7,0,0.737
4.28,0.49,0,0,0,0.763
2.89,0.46,0,2,0,0.863
1.52,0.83,0,7,0,0.967
2.11,0.74,0,4,0,0.93
4.11,0.8,0,6,0,0.825
4.53,0.42,0,3,0,0.718
2.82,0.59,0,6,0,0.888
3.22,0.44,0,6,0,0.792
1.11,0.95,0,7,0,1
1.96,0.46,0,2,0,0.949
4.12,0.95,0,5,0,0.837
2.12,0.77,2,6,0.6,0.63
1.53,0.56,0,3,0,0.995
4.62,0.5,1,4,1,0.341
3.07,0.69,3,0,0.3,0.616
4.8,0.79,2,0,0.6,0.414
2.48,0.62,0,6,0,0.884
4.93,0.49,2,7,0.6,0.368
4.55,0.63,0,5,0,0.765
1.92,0.54,0,1,0,0.939
1.01,0.72,1,7,0.3,0.879
4.74,0.98,1,6,0.3,0.582
3.5,0.65,0,0,0,0.808
4.93,0.66,0,0,0,0.677
4.8,0.62,0,6,0,0.736
2.27,0.65,3,5,0.6,0.541
4.23,0.67,0,7,0,0.74
2.74,0.49,1,0,0.3,0.677
1.71,0.96,1,1,0.3,0.881
2.19,0.73,0,4,0,0.963
3.45,0.41,1,5,0.3,0.658
1.72,0.82,0,5,0,1
1.95,0.86,1,3,0.3,0.835
4.39,0.97,0,0,0,0.818
4.46,0.76,1,3,0.3,0.626
4.6,0.75,0,0,0,0.74
2.83,0.45,0,5,0,0.888
1.05,0.68,2,1,0.3,0.835
2.65,0.55,0,4,0,0.881
3.61,0.75,0,7,0,0.807
4.75,0.98,0,6,0,0.781
4.05,0.94,0,0,0,0.816
4.67,0.62,0,3,0,0.694
2.03,0.81,0,0,0,0.938
2.47,0.9,0,2,0,0.961
1.25,0.98,0,6,0,1
3.6,0.83,0,7,0,0.797
1.22,0.53,0,4,0,0.97
2.84,0.72,1,5,0.3,0.749
2.74,0.64,3,0,0.6,0.51
4.61,0.41,0,3,0,0.704
2.82,0.57,0,3,0,0.905
2.24,0.54,0,0,0,0.928
1.45,0.73,0,6,0,1
3.49,0.82,0,1,0,0.868
2,0.81,0,1,0,0.941
1.11,0.44,0,6,0,1
2.11,0.71,0,6,0,0.937
2.22,0.8,0,3,0,0.928
1.16,0.51,1,7,0.3,0.868
4.82,0.48,0,7,0,0.673
1.85,0.98,0,6,0,0.998
4.41,0.81,0,7,0,0.795
1.3,0.69,0,2,0,0.972
3.17,0.81,0,7,0,0.834
3.66,0.52,0,6,0,0.814
1.99,0.98,1,0,0.3,0.813
3.18,0.49,0,2,0,0.816
3.53,0.84,0,2,0,0.881
4.16,0.98,1,6,0.3,0.659
3.52,0.88,0,7,0,0.837
2.76,0.81,1,4,0.3,0.746
1.28,0.67,0,5,0,0.98
3.51,0.8,0,4,0,0.801
3.91,0.48,0,1,0,0.805
4,0.54,0,4,0,0.76
4.46,0.72,0,6,0,0.755
1.48,0.76,0,6,0,0.975
2.89,0.73,0,2,0,0.899
4.13,0.59,0,4,0,0.739
4.42,0.83,1,0,0.6,0.538
2.61,0.42,1,7,0.3,0.721
2.51,0.83,2,3,0.3,0.691
1.86,0.55,0,3,0,0.945
1.61,0.85,0,4,0,0.971
2.84,0.42,0,2,0,0.811
3.64,0.51,0,5,0,0.764
3.35,0.98,0,2,0,0.871
3.78,0.43,1,7,1,0.365
1.98,0.78,0,5,0,0.966
1.89,0.42,2,2,0.3,0.688
2.7,0.43,0,3,0,0.852
3.05,0.88,0,4,0,0.913
3.46,0.93,0,7,0,0.864
2.65,0.77,0,4,0,0.906
3.12,0.72,0,2,0,0.838
2.74,0.76,0,5,0,0.931
1.3,0.76,1,0,1,0.628
4.93,0.53,1,7,0.6,0.472
3.09,0.44,1,3,1,0.406
2.04,0.8,0,0,0,0.98
4.27,0.76,0,1,0,0.757
4.51,0.79,0,0,0,0.723
4.12,0.68,0,3,0,0.81
4.1,0.69,1,4,0.6,0.483
2.52,0.59,1,0,0.3,0.738
4.15,0.68,0,7,0,0.78
1.08,0.59,0,3,0,1
1.13,0.53,0,5,0,0.961
2.34,0.75,1,5,0.3,0.777
4.05,0.83,0,4,0,0.766
2.11,0.74,0,4,0,0.98
3.83,0.65,0,3,0,0.772
3.13,0.42,2,4,0.3,0.607
3.76,0.89,0,2,0,0.856
4.09,0.72,2,4,1,0.333
1.5,0.94,0,7,0,1
4.7,0.64,0,1,0,0.74
3.21,0.46,1,5,0.6,0.576
3.88,0.84,2,4,0.3,0.63
2.85,0.88,0,0,0,0.93
1.95,0.87,0,1,0,0.961
2.39,0.45,2,4,0.6,0.607
2.38,0.78,0,5,0,0.934
4.31,0.42,0,0,0,0.716
2.34,0.84,0,1,0,0.943
3.12,0.95,0,3,0,0.863
2.98,0.9,0,7,0,0.879
2.13,0.81,0,5,0,0.99
1.48,0.43,1,5,0.3,0.784
2.28,0.74,0,7,0,0.921
3.27,0.49,0,2,0,0.795
3.64,0.75,0,4,0,0.836
4.78,0.46,1,6,0.3,0.55
3.36,0.82,1,7,0.6,0.598
4.43,0.75,1,0,0.3,0.603
2.9,0.57,0,6,0,0.842
2.81,0.81,0,5,0,0.916
1.26,0.69,0,5,0,0.982
1.93,0.85,1,0,0.3,0.839
1.09,0.61,1,3,0.6,0.723
4.22,1,2,4,1,0.384
4.1,0.54,0,1,0,0.743
2.28,0.46,0,7,0,0.902
3.99,0.78,0,1,0,0.8
4.63,0.54,0,0,0,0.745
3.57,0.76,0,0,0,0.831
4.37,0.93,1,7,0.6,0.505
4.79,0.46,0,7,0,0.664
4.1,0.41,1,5,0.6,0.476
2.66,0.53,2,3,0.3,0.632
2.18,0.91,1,5,1,0.523
2.12,0.76,0,2,0,0.981
2.56,0.41,0,2,0,0.852
3.89,0.57,0,4,0,0.758
2.87,0.71,0,7,0,0.902
2.04,0.55,0,7,0,0.939
4.11,0.48,0,1,0,0.768
3.13,0.92,0,3,0,0.908
3.06,0.53,0,6,0,0.878
3.7,0.99,0,5,0,0.834
2.4,0.51,0,0,0,0.918
3.83,0.72,1,2,0.3,0.682
2.83,0.92,0,5,0,0.888
3.88,0.96,0,1,0,0.818
2.52,0.95,1,3,0.3,0.743
2.05,0.54,0,2,0,0.904
2.61,0.71,0,7,0,0.863
1.71,1,0,7,0,1
2.44,0.5,1,1,0.3,0.748
2.56,0.78,1,5,0.6,0.629
3.68,0.43,0,1,0,0.802
1.29,0.45,0,0,0,1
1.76,0.79,0,0,0,0.993
4.77,0.86,0,7,0,0.715
1.71,0.91,0,5,0,0.995
2.34,0.48,1,6,1,0.482
4.19,0.69,1,7,0.3,0.594
2.71,0.46,0,6,0,0.872
1.34,0.69,1,3,1,0.599
1.15,0.62,0,6,0,1
2.39,0.76,0,4,0,0.961
4.11,0.81,0,5,0,0.77
2.59,0.96,1,4,0.6,0.661
4.67,0.41,2,1,0.3,0.501
4.37,0.91,0,1,0,0.816
3.06,0.88,0,4,0,0.897
3.22,0.45,0,1,0,0.824
1.3,0.57,0,5,0,0.989
3.25,0.48,0,5,0,0.825
3.98,0.58,1,6,0.3,0.621
4.98,0.56,1,7,0.3,0.534
2.2,0.63,0,3,0,0.942
3.72,0.8,0,6,0,0.841
2.35,0.47,0,3,0,0.868
3.73,0.77,0,3,0,0.842
1.46,0.82,1,3,0.3,0.858
2.52,0.79,1,4,0.6,0.62
3.97,0.79,0,2,0,0.815
4.83,0.88,0,6,0,0.741
4.22,0.63,1,1,0.6,0.515
4.56,0.71,3,4,0.6,0.347
1.16,0.8,0,4,0,0.99
1.36,0.57,0,2,0,0.967
4.78,1,1,1,0.3,0.59
3.94,0.47,1,6,1,0.349
2.27,0.53,0,4,0,0.935
3.05,0.91,0,5,0,0.887
1.54,0.71,0,5,0,0.957
2.54,0.82,0,1,0,0.898
1.49,0.59,1,3,0.6,0.703
3.61,0.91,0,6,0,0.871
1.06,0.95,0,1,0,1
1.97,0.52,1,3,0.6,0.664
3.99,0.46,1,7,0.6,0.498
4.56,0.49,1,5,1,0.325
1.88,0.44,1,7,0.6,0.678
3.51,0.51,0,1,0,0.798
4.35,0.42,0,4,0,0.728
3.85,0.47,2,2,1,0.334
1.06,0.58,1,5,1,0.622
4.76,0.81,3,5,1,0.277
2.46,0.47,0,6,0,0.859
3.54,0.82,0,1,0,0.82
1.71,0.87,3,0,0.3,0.726
4.18,0.41,0,1,0,0.751
3.68,0.69,2,2,0.3,0.609
4.19,0.79,0,1,0,0.775
4.21,0.42,0,1,0,0.716
3.65,0.54,0,1,0,0.769
3.34,0.8,2,0,0.6,0.57
3.71,0.52,0,3,0,0.808
1.59,0.58,0,4,0,0.931
1.46,0.88,0,2,0,0.998
4.82,0.88,0,5,0,0.769
3.66,0.8,2,0,0.6,0.554
1,0.8,0,2,0,1
4.61,0.85,1,6,0.3,0.588
4.58,0.95,1,6,0.6,0.552
1.51,0.68,0,4,0,0.971
2.59,0.93,0,4,0,0.912
2.18,0.6,0,1,0,0.955
3.13,0.96,0,7,0,0.885
3.96,0.66,0,1,0,0.792
3.22,0.47,3,3,0.6,0.441
1.96,0.88,0,3,0,0.991
4.65,1,0,4,0,0.779
2.42,0.54,0,1,0,0.921
4.19,0.42,2,7,0.3,0.509
4.29,0.89,1,0,0.6,0.506
4.92,0.86,1,6,0.3,0.595
4.72,0.78,0,0,0,0.76
4.04,0.47,0,3,0,0.788
2.69,0.61,0,4,0,0.919
1.94,0.73,1,2,0.3,0.762
3.73,0.94,1,0,0.3,0.699
4.2,0.7,0,2,0,0.749
4.4,0.48,2,5,0.3,0.535
2.29,0.69,0,4,0,0.945
2.93,0.85,1,7,0.6,0.612
1.05,0.55,0,0,0,0.985
1.7,0.58,1,6,0.3,0.82
2.34,0.6,0,5,0,0.922
1.13,0.54,0,3,0,0.968
2.45,0.91,0,2,0,0.899
2.14,0.97,0,3,0,0.981
1.13,0.53,0,3,0,0.997
3.14,0.61,0,4,0,0.868
4.45,0.84,0,6,0,0.752
3.82,0.48,1,2,1,0.345
3.31,0.86,0,6,0,0.884
2.79,0.52,0,6,0,0.865
1.13,0.64,0,1,0,1
4.2,0.64,2,3,0.3,0.558
3.48,0.51,0,3,0,0.778
1.1,0.83,0,3,0,1
3.55,0.55,0,3,0,0.825
4.21,0.7,0,7,0,0.784
1.04,0.55,3,7,0.3,0.789
4.12,0.61,2,6,0.3,0.528
1.81,0.9,0,0,0,1
4.73,0.54,0,5,0,0.706
3.66,0.72,0,0,0,0.798
2.81,0.86,0,0,0,0.884
4.78,0.55,1,4,1,0.296
4.48,0.78,0,2,0,0.799
2.22,0.99,0,5,0,0.959
2.49,0.55,0,4,0,0.879
4.32,0.77,1,6,0.6,0.536
4.99,0.73,1,5,0.3,0.555
4.08,0.79,0,7,0,0.775
2.58,0.63,0,1,0,0.914
3.48,0.95,0,3,0,0.823
2.76,0.53,0,7,0,0.835
4.35,0.96,0,0,0,0.762
1.63,0.56,0,6,0,0.929
1.85,0.85,2,3,0.3,0.808
4.99,0.6,3,7,0.3,0.405
2.08,0.79,0,4,0,0.919
2.48,0.72,0,7,0,0.913
2.82,0.9,0,7,0,0.919
1.08,0.77,0,4,0,1
1.33,0.42,0,0,0,1
3.63,0.52,0,7,0,0.788
2.31,0.74,0,0,0,0.892
2.72,0.62,0,4,0,0.919
2.2,0.91,0,1,0,0.97
2.46,0.65,1,3,0.3,0.725
2,0.74,0,2,0,0.913
1.86,0.42,0,2,0,0.896
2.19,0.6,1,5,0.6,0.64
1.73,0.95,0,6,0,1
2.48,0.46,0,1,0,0.9
1.82,0.72,3,7,0.3,0.693
1.7,0.57,1,4,0.6,0.714
1.53,0.95,0,1,0,1
3.64,0.45,1,2,0.3,0.625
2.34,0.61,2,4,0.6,0.621
2.85,0.55,0,2,0,0.875
1.1,0.82,1,3,0.3,0.918
2.85,0.99,0,4,0,0.906
2.86,0.49,0,4,0,0.823
2.96,0.83,0,7,0,0.851
3.75,0.76,0,3,0,0.789
1.98,0.61,0,4,0,0.964
2.36,0.75,3,1,0.3,0.661
4.33,0.76,0,1,0,0.802
1.31,0.65,0,2,0,0.964
1.34,0.49,0,4,0,0.969
3.7,0.79,0,3,0,0.847
4.58,0.56,0,7,0,0.736
4.12,0.42,1,1,1,0.333
1.38,0.44,0,5,0,0.96
1.34,0.76,0,1,0,1
4.36,0.42,0,4,0,0.72
1.66,0.44,1,4,1,0.529
1.15,0.87,2,0,0.6,0.743
3.92,0.73,0,5,0,0.797
2.62,0.45,1,3,1,0.506
4.87,0.46,0,2,0,0.653
4.88,0.56,1,1,0.6,0.431
1.92,0.88,0,5,0,0.99
3.36,0.75,1,7,1,0.453
3.59,0.49,0,7,0,0.823
3.1,0.67,1,4,0.6,0.586
3.64,0.84,0,7,0,0.819
2.45,0.63,0,5,0,0.921
4.79,0.65,0,3,0,0.718
3.83,0.68,0,4,0,0.777
4.07,0.76,1,5,0.3,0.625
4.78,0.43,0,0,0,0.685
2.48,0.93,1,0,0.6,0.672
4.52,0.62,0,1,0,0.734
3.7,0.59,0,0,0,0.836
2.77,0.66,0,7,0,0.883
2.76,0.64,0,1,0,0.895
1.99,0.41,0,1,0,0.888
2.56,0.91,0,4,0,0.95
3.67,0.59,0,3,0,0.799
1.14,0.43,0,0,0,0.951
2.9,0.91,0,1,0,0.883
2.67,0.61,0,3,0,0.908
3.9,0.49,0,7,0,0.735
3.28,0.97,0,4,0,0.901
2.29,0.73,1,4,1,0.565
4.5,0.96,0,1,0,0.74
2.2,0.88,0,6,0,0.928
1.85,0.43,0,0,0,0.947
3.29,0.45,0,1,0,0.827
3.73,0.84,0,5,0,0.845
4.8,0.47,0,5,0,0.673
2.12,0.99,0,4,0,0.958
2.85,0.5,0,7,0,0.871
1.41,0.94,0,2,0,1
4.97,0.68,2,7,0.3,0.517
4.54,0.89,2,3,0.3,0.569
1.03,0.8,0,5,0,1
3.99,0.5,0,2,0,0.786
3.85,1,0,7,0,0.836
3.83,0.47,0,1,0,0.774
2.67,0.93,1,4,0.3,0.785
1.27,0.87,0,5,0,0.998
1.31,0.93,0,5,0,1
1.55,0.9,0,7,0,0.987
2.71,0.9,0,2,0,0.89
3.62,0.76,0,7,0,0.846
4.11,0.78,2,7,0.6,0.442
2.6,0.56,3,7,0.3,0.588
2.57,0.88,0,3,0,0.91
2.61,0.47,0,0,0,0.891
1.96,0.51,0,3,0,0.934
4.5,0.91,0,3,0,0.761
4.24,0.8,0,1,0,0.802
1.15,0.85,0,1,0,1
1.07,0.75,2,0,0.3,0.847
3.11,0.9,0,0,0,0.899
2.11,0.64,1,0,0.6,0.647
2.54,0.49,0,6,0,0.914
3.17,0.89,0,3,0,0.875
2.01,0.58,0,4,0,0.944
4.17,0.48,0,5,0,0.743
2.95,0.59,0,0,0,0.819
1.26,0.71,0,3,0,1
1.2,0.68,0,2,0,1
3.68,0.75,0,0,0,0.79
2.99,0.55,0,3,0,0.885
2.14,0.91,0,1,0,0.928
3.11,0.95,0,2,0,0.874
3.21,0.98,0,3,0,0.9
2.06,0.75,0,7,0,0.969
2.92,0.52,2,0,0.3,0.652
3.94,0.55,0,1,0,0.813
2.21,0.47,0,3,0,0.868
2.3,0.73,0,5,0,0.962
4.72,0.87,0,6,0,0.717
4.45,0.83,0,0,0,0.758
4.35,0.4,0,5,0,0.695
2.96,0.58,0,2,0,0.862
1.04,0.43,0,3,0,1
1.07,0.43,0,0,0,1
1.61,0.6,2,3,0.6,0.676
4.54,0.99,0,6,0,0.81
4.22,0.94,3,6,0.6,0.474
2.49,0.82,0,0,0,0.946
4.25,1,0,4,0,0.81
4.43,0.54,1,1,1,0.352
4.47,0.95,1,7,0.6,0.518
2.48,0.78,0,2,0,0.901
1.57,0.88,0,2,0,1
2.41,0.59,0,4,0,0.906
4.58,0.77,2,3,0.3,0.506
3.18,0.64,0,7,0,0.878
1.16,0.61,0,4,0,1
4.52,0.72,0,2,0,0.783
1.75,0.7,1,6,0.3,0.784
3.84,0.66,2,6,0.6,0.464
3.27,0.46,0,5,0,0.842
1.56,0.9,0,0,0,0.996
3.83,0.67,0,2,0,0.82
1.16,0.88,0,3,0,1
1.14,0.46,0,0,0,0.983
3.8,0.75,0,4,0,0.832
1.08,0.93,2,2,0.6,0.734
3.63,0.5,0,5,0,0.824
2.04,0.8,1,3,1,0.579
3.36,0.97,1,2,0.6,0.621
4.95,0.97,0,3,0,0.722
1.87,0.93,1,4,0.3,0.855
4.7,0.77,0,1,0,0.774
4.35,0.95,1,6,1,0.408
2.12,0.74,0,4,0,0.981
1.26,0.57,3,3,0.3,0.715
4.79,0.96,0,5,0,0.764
1.31,0.99,0,6,0,1
2.51,0.67,1,2,0.3,0.785
2.32,0.54,0,3,0,0.933
4.62,0.94,0,4,0,0.757
3.75,0.43,0,3,0,0.755
2.41,0.86,0,6,0,0.913
3.51,0.59,0,4,0,0.788
2.7,0.63,1,4,0.3,0.764
2.28,0.42,1,1,0.3,0.715
1.43,0.84,0,7,0,1
4.8,0.63,1,3,0.3,0.525
2.39,0.63,0,2,0,0.883
1.93,0.45,0,1,0,0.889
2.74,0.63,1,3,0.6,0.639
2.94,0.74,0,7,0,0.902
3.02,0.81,0,0,0,0.849
3.44,0.43,0,2,0,0.804
2.3,0.96,0,1,0,0.924
2.08,0.54,0,4,0,0.885
4.02,0.75,0,3,0,0.801
2.49,0.79,1,2,0.3,0.75
3.86,0.64,0,1,0,0.798
1.77,0.76,0,1,0,0.956
4,0.96,0,7,0,0.784
1.01,0.68,2,7,0.3,0.81
2.29,0.49,0,2,0,0.899
4.57,0.8,0,3,0,0.756
4.05,0.85,1,0,0.6,0.578
2.85,0.57,1,4,0.6,0.605
3.5,0.7,0,1,0,0.816
1.17,0.97,0,0,0,1
2.85,0.93,0,5,0,0.87
1.06,0.96,0,3,0,1
4.75,0.65,0,2,0,0.726
2.53,0.61,1,0,0.3,0.774
2.83,0.72,1,0,0.3,0.717
1.59,0.82,1,6,0.6,0.773
2.02,0.47,0,3,0,0.913
1.28,0.73,2,6,0.3,0.784
1.23,0.43,0,7,0,0.98
3.66,0.87,1,5,0.3,0.67
4.37,0.47,2,0,0.3,0.545
4.63,0.58,0,6,0,0.685
4.08,0.48,0,2,0,0.793
1.15,0.7,1,7,0.3,0.822
2.63,0.8,0,4,0,0.945
3.02,0.97,0,2,0,0.859
2.38,0.95,0,1,0,0.969
4.23,0.57,0,0,0,0.794
4.13,0.86,0,4,0,0.822
2.62,0.47,0,6,0,0.881
4.54,0.83,2,5,0.3,0.562
2.4,0.53,0,7,0,0.862
2.14,0.64,0,0,0,0.916
1.91,0.89,3,4,0.3,0.756
1.51,0.71,0,3,0,0.99
2.04,0.84,0,7,0,0.969
4.51,0.71,3,2,0.6,0.404
3.28,0.95,0,7,0,0.858
3.14,0.84,1,6,0.3,0.73
4.73,0.81,0,0,0,0.757
2.7,0.96,0,1,0,0.929
1.03,0.92,0,5,0,1
1.3,0.48,0,2,0,1
1.25,0.9,2,6,0.6,0.706
4.38,0.44,0,5,0,0.726
3.97,0.47,1,0,1,0.332
3.74,0.82,0,0,0,0.862
4.82,0.51,0,6,0,0.7
4.44,0.67,1,3,0.6,0.46
4.72,0.72,1,2,0.3,0.588
3.83,0.49,1,0,0.6,0.506
4.56,0.5,0,5,0,0.755
2.62,0.41,2,2,0.3,0.64
1.5,0.62,1,5,0.6,0.73
1.44,0.71,0,7,0,1
4.69,0.87,0,3,0,0.787
3.99,0.46,1,2,0.3,0.622
1.13,0.74,2,7,0.6,0.721
2.39,0.53,0,7,0,0.93
1.5,0.94,0,7,0,1
4.89,0.84,3,5,0.3,0.48
2.31,0.63,1,7,1,0.509
3.65,0.7,1,7,0.3,0.695
2.35,0.71,0,2,0,0.929
1.71,0.63,0,0,0,0.979
3.68,0.85,0,4,0,0.857
2.12,0.85,0,2,0,0.975
2.93,0.6,0,4,0,0.881
2.86,0.5,0,1,0,0.824
1.59,0.45,0,6,0,0.972
2.74,0.74,0,1,0,0.899
3.07,0.87,0,0,0,0.872
1.25,0.56,0,7,0,1
3.52,0.99,1,6,0.3,0.68
3.27,0.41,0,5,0,0.795
3.31,0.73,1,4,0.3,0.702
3.26,0.45,0,0,0,0.784
3.15,0.5,0,6,0,0.802
1.25,0.64,0,6,0,0.984
2.02,0.49,0,3,0,0.92
4.12,0.97,0,4,0,0.801
4.88,0.45,0,1,0,0.703
2.81,0.73,2,0,1,0.424
2.08,0.57,3,6,0.6,0.528
2.01,0.63,0,6,0,0.903
4.39,0.45,1,4,0.3,0.589
2.92,0.53,0,2,0,0.883
2.39,0.78,0,5,0,0.953
3.22,0.55,2,4,1,0.386
3.19,0.82,0,3,0,0.869
4.03,0.64,0,7,0,0.78
1.26,0.81,0,5,0,0.989
3.6,0.42,0,0,0,0.797
1.14,0.72,0,4,0,1
4.51,0.58,0,1,0,0.737
1.77,0.54,0,0,0,0.929
2.48,0.75,0,1,0,0.942
3.84,0.79,0,0,0,0.807
3.38,0.81,0,0,0,0.816
4.44,0.45,0,5,0,0.737
2.47,0.67,0,5,0,0.938
2.3,0.81,0,4,0,0.908
3.83,0.53,0,7,0,0.806
1.21,0.77,0,7,0,1
4.23,0.8,0,2,0,0.803
4.05,0.47,1,2,0.6,0.517
4.72,0.5,1,7,0.6,0.422
3.03,0.46,2,4,1,0.361
3.53,0.59,1,2,1,0.433
4.6,0.88,0,0,0,0.785
2.34,0.82,0,5,0,0.925
1.5,0.71,0,2,0,0.98
4.11,0.42,1,5,0.3,0.573
4.67,0.76,0,6,0,0.743
3.88,0.96,2,1,0.6,0.498
3.33,0.51,0,1,0,0.801
4.08,0.4,0,5,0,0.736
3.74,0.49,0,1,0,0.78
1.49,0.93,0,6,0,0.985
2.35,0.47,0,3,0,0.864
4.13,0.59,1,0,1,0.397
4.19,0.51,0,1,0,0.77
3.27,0.72,1,6,0.3,0.679
1.52,0.58,0,5,0,0.993
2.94,0.48,1,1,0.3,0.677
4.5,0.86,0,3,0,0.801
2.95,0.6,1,4,0.3,0.688
1.63,0.66,2,3,1,0.558
3.79,0.5,1,6,0.3,0.6
3.2,0.65,0,1,0,0.854
4.45,0.69,0,0,0,0.777
2.62,0.64,0,2,0,0.867
2.67,0.53,0,4,0,0.878
2.95,0.58,0,3,0,0.888
1.76,0.89,2,4,0.6,0.658
4.92,0.56,0,2,0,0.665
2.03,0.46,0,1,0,0.947
4.62,0.66,0,6,0,0.759
3.49,0.89,0,2,0,0.88
4.41,0.81,0,0,0,0.785
1.29,0.83,2,5,0.3,0.818
4.71,0.42,1,0,0.3,0.565
4.43,0.9,0,5,0,0.809
2.1,0.73,0,1,0,0.921
3.13,0.54,0,1,0,0.872
3.17,0.96,0,7,0,0.882
1.53,0.42,0,6,0,0.933
4.07,0.58,0,0,0,0.774
2.15,0.77,0,7,0,0.948
2.17,0.74,0,4,0,0.922
2.8,0.67,1,6,0.6,0.641
4.33,0.69,1,7,0.3,0.585
1.88,0.64,0,4,0,0.961
2.64,0.55,0,6,0,0.901
1.62,0.62,1,5,0.6,0.686
4.23,0.65,0,6,0,0.731
4.48,0.48,1,0,0.6,0.466
1.27,0.65,0,7,0,0.961
3.52,0.64,0,0,0,0.845
2.95,0.69,1,6,0.3,0.715
1.53,0.71,0,6,0,1
2.06,0.41,1,5,0.6,0.667
1.15,0.95,0,4,0,1
3.57,0.5,0,6,0,0.788
4.13,0.53,0,4,0,0.761
4.79,0.42,1,4,0.6,0.468
1.91,0.55,1,3,0.3,0.818
2.6,0.61,1,1,1,0.523
2.02,0.72,0,7,0,0.93
3.98,0.91,0,5,0,0.849
1.58,0.48,0,7,0,0.953
2.54,0.82,0,0,0,0.881
3.23,0.75,0,2,0,0.875
4.67,0.84,1,5,0.6,0.529
3.82,0.56,0,6,0,0.81
1.55,0.56,0,7,0,0.928
4.39,0.69,1,1,1,0.36
2.21,0.89,0,5,0,0.992
1.83,0.7,0,4,0,0.954
1.24,0.47,0,4,0,0.984
2.41,0.67,0,5,0,0.895
1.04,0.98,0,0,0,1
1.73,0.89,0,5,0,0.996
2.37,0.45,0,0,0,0.869
3.64,0.81,0,2,0,0.834
1.49,1,0,7,0,1
3.97,0.48,1,3,0.6,0.496
4.09,0.91,0,6,0,0.807
4.29,0.63,0,6,0,0.764
1.52,0.91,1,3,1,0.635
2.94,0.73,1,7,0.6,0.633
3.15,0.63,1,1,1,0.454
1.84,0.44,0,1,0,0.897
2.49,0.44,0,6,0,0.913
2.02,0.47,1,5,0.3,0.724
1.86,0.67,0,0,0,0.977
4.21,0.68,3,3,0.6,0.371
2.61,0.66,0,1,0,0.887
2.74,0.77,1,5,1,0.522
3.42,0.79,0,1,0,0.879
4.61,0.41,0,5,0,0.665
3.11,0.65,1,3,0.6,0.619
3.8,0.66,1,4,1,0.365
3.56,0.7,0,5,0,0.834
1.82,0.97,3,7,0.6,0.599
4.93,0.47,0,3,0,0.665
2.66,0.77,0,4,0,0.92
4.07,0.46,0,4,0,0.76
1.03,0.97,0,5,0,1
4.98,0.41,0,4,0,0.671
2.35,1,0,2,0,0.916
3.57,0.7,0,2,0,0.85
1.16,0.5,0,0,0,0.991
2.67,0.47,0,6,0,0.837
3.8,0.87,0,7,0,0.842
2.86,0.57,0,6,0,0.836
3.38,0.59,1,5,0.6,0.589
1.76,0.7,2,3,0.3,0.775
2.04,0.9,0,4,0,0.936
3.89,0.92,0,7,0,0.791
4.45,0.82,0,0,0,0.733
2.59,0.52,0,5,0,0.879
3.3,0.9,0,6,0,0.85
3.06,0.71,2,6,1,0.409
1.36,0.95,2,2,0.6,0.681
1.12,0.51,0,6,0,1
1.78,0.76,1,1,1,0.534
4.65,0.89,3,6,0.6,0.398
4.26,0.6,0,1,0,0.792
3.98,1,0,0,0,0.844
2.14,0.55,1,1,0.3,0.793
4.51,0.75,0,2,0,0.728
3.01,0.62,1,2,1,0.45
3.91,0.69,0,2,0,0.796
2.14,0.99,0,7,0,1
1.66,0.81,0,6,0,0.976
3.93,0.78,0,0,0,0.842
1.18,0.57,2,3,0.6,0.65
2.55,0.68,0,5,0,0.886
1.12,0.6,0,1,0,1
1.57,0.59,0,7,0,0.987
4.38,0.99,1,3,1,0.397
3.04,0.82,0,1,0,0.896
3.12,0.52,0,7,0,0.864
3.1,0.98,0,6,0,0.896
4.67,0.77,0,6,0,0.733
1.51,0.77,0,1,0,1
3.76,0.67,1,5,0.3,0.637
2.57,0.48,0,2,0,0.907
4.51,0.52,0,2,0,0.73
2.18,0.54,1,5,0.3,0.725
2.49,0.46,0,1,0,0.862
4.39,0.88,2,7,1,0.329
3.86,0.75,0,0,0,0.839
3.27,0.61,0,3,0,0.841
2.67,0.87,0,5,0,0.921
3.11,0.92,3,3,0.3,0.607
3.85,0.87,1,1,0.6,0.594
3.45,0.57,0,4,0,0.803
1.56,0.62,1,1,0.3,0.814
3.64,0.43,1,6,0.6,0.559
3.88,0.76,0,7,0,0.829
3.13,0.81,0,7,0,0.877
3.06,0.9,0,4,0,0.854
1.4,0.86,0,1,0,0.996
2.95,0.7,0,5,0,0.855
1.36,0.61,0,1,0,1
4.05,0.42,0,4,0,0.724
3.35,0.44,0,3,0,0.814
4.22,0.73,0,1,0,0.795
4.31,0.6,0,7,0,0.76
3.29,0.87,0,5,0,0.891
3.53,0.51,0,2,0,0.811
1.38,0.72,0,1,0,0.991
1.78,0.43,0,3,0,0.949
3.9,0.57,3,5,0.3,0.562
3.26,1,0,0,0,0.853
3.24,0.75,0,0,0,0.892
2.8,0.51,0,6,0,0.835
4.51,0.63,0,0,0,0.756
2.55,0.76,0,0,0,0.897
4.78,0.82,1,6,0.3,0.622
1.98,0.5,0,1,0,0.945
3.75,0.92,0,1,0,0.842
3.8,0.96,0,7,0,0.872
4.45,0.42,0,0,0,0.754
3.49,0.43,0,7,0,0.813
4.98,0.72,0,3,0,0.694
1.99,0.96,0,6,0,1
3.11,0.84,0,5,0,0.912
4.29,0.64,0,6,0,0.739
2.89,0.45,0,3,0,0.81
4.75,0.52,0,2,0,0.712
2.2,0.95,1,5,0.3,0.776
4.24,0.5,3,6,0.6,0.359
4.35,0.5,0,7,0,0.739
1.38,0.87,1,4,0.6,0.798
1.24,0.7,0,4,0,0.969
1.14,0.79,0,7,0,0.989
3.61,0.95,0,4,0,0.856
1.71,0.54,0,5,0,0.963
2.4,0.62,0,7,0,0.936
1.75,0.53,1,7,0.6,0.691
1.75,0.72,0,4,0,0.991
1.87,0.73,0,5,0,0.945
4.85,0.8,1,5,1,0.322
1.59,0.5,3,6,0.3,0.664
2.28,0.87,0,6,0,0.953
1.53,0.67,2,4,1,0.549
2,0.83,2,1,0.3,0.776
1.15,0.62,1,7,0.6,0.743
1.83,0.86,0,4,0,1
1.61,0.58,1,4,0.3,0.842
2.65,0.63,0,2,0,0.917
1.67,0.82,0,4,0,0.979
4.07,0.95,0,5,0,0.775
2.85,0.91,0,0,0,0.923
4.73,0.96,2,5,0.3,0.564
1.7,0.42,0,3,0,0.97
1.18,0.87,0,0,0,1
4.01,0.64,0,0,0,0.778
3.6,0.43,1,5,0.3,0.646
3.7,0.77,0,5,0,0.802
4.62,0.48,0,3,0,0.674
1.61,0.58,0,2,0,0.968
3.9,0.94,1,5,0.3,0.699
4.03,0.97,3,6,0.6,0.452
1.7,0.68,0,4,0,0.94
2.75,0.65,0,1,0,0.916
4.51,0.76,1,0,0.3,0.602
2.46,0.97,0,6,0,0.981
4.37,0.88,0,2,0,0.764
3.34,0.84,0,6,0,0.892
2.49,0.98,0,1,0,0.943
4.26,0.7,3,1,0.6,0.383
3.54,0.89,1,2,0.6,0.592
4.01,0.52,0,2,0,0.732
1.01,0.76,0,7,0,1
3.11,0.45,1,4,0.6,0.573
4,0.64,0,2,0,0.742
1.62,0.56,0,4,0,0.984
2.28,0.88,1,2,0.3,0.766
1.54,0.84,0,5,0,1
4.87,0.53,0,7,0,0.658
2.05,0.94,2,4,0.3,0.737
2.47,0.78,1,2,0.3,0.733
4.08,0.56,0,7,0,0.731
2.55,0.55,0,7,0,0.896
1.41,0.44,0,0,0,0.943
3.43,0.91,2,4,0.3,0.652
4.86,0.61,0,0,0,0.692
2.1,0.54,0,7,0,0.896
4.95,0.56,0,2,0,0.695
3.14,0.58,0,5,0,0.867
3.15,0.57,1,4,0.6,0.601
3.32,0.52,0,1,0,0.859
2.07,0.98,0,2,0,0.957
4.04,0.96,1,5,0.6,0.589
3.3,0.4,0,5,0,0.842
1.88,0.52,0,1,0,0.959
2.2,0.44,1,2,0.3,0.78
4.1,0.95,0,3,0,0.83
2.41,0.98,0,7,0,0.944
1.68,0.79,1,4,0.6,0.748
1.05,0.67,0,4,0,1
4.08,0.89,0,4,0,0.792
4.99,0.42,2,0,0.6,0.326
4.94,0.4,0,3,0,0.689
2.68,0.85,0,3,0,0.904
3.89,0.64,1,2,0.6,0.524
2.39,0.64,0,4,0,0.932
2.14,0.49,0,0,0,0.893
2.89,0.5,0,1,0,0.828
2.01,0.59,0,1,0,0.92
3.73,0.41,1,4,0.6,0.524
4.56,0.93,1,5,0.6,0.494
2.04,0.55,0,7,0,0.928
2.3,0.59,1,5,1,0.546
4.23,0.44,0,2,0,0.738
2.36,0.98,0,6,0,0.98
1.06,0.7,0,7,0,1
2,0.62,0,3,0,0.946
3.52,0.72,1,4,0.3,0.699
1.83,0.91,0,3,0,0.968
4.57,0.5,0,4,0,0.757
2.54,0.82,0,0,0,0.934
1.41,0.94,0,6,0,1
2.11,0.46,3,4,0.3,0.654
3.97,0.82,0,7,0,0.778
4.33,0.72,0,0,0,0.77
4.39,0.92,0,7,0,0.754
3.68,0.83,1,6,0.6,0.586
3.53,0.62,0,3,0,0.849
1.71,0.83,0,6,0,1
2.32,0.69,2,4,0.6,0.576
4.41,0.71,0,1,0,0.733
4.99,0.59,1,7,0.6,0.449
4.04,0.76,1,7,0.3,0.663
4.54,0.57,0,6,0,0.692
3.05,0.84,1,5,0.6,0.608
4.83,0.86,0,4,0,0.762
3.1,0.41,0,1,0,0.823
4,0.87,0,1,0,0.844
3.69,0.69,0,5,0,0.833
3.53,0.96,0,2,0,0.892
4.16,0.98,0,1,0,0.804
1.56,0.96,0,4,0,1
4.28,0.94,2,3,0.6,0.501
2.83,0.94,0,2,0,0.947
2.27,0.5,1,2,0.6,0.657
1.26,0.48,0,3,0,0.99
4.34,0.51,3,0,0.6,0.388
2.99,0.42,1,6,0.3,0.676
3.14,0.58,0,5,0,0.868
4.4,0.83,0,2,0,0.796
2.41,0.76,1,0,0.3,0.748
2.69,0.72,0,2,0,0.929
3.76,0.92,0,4,0,0.839
4.99,0.94,0,7,0,0.746
3.77,0.79,0,0,0,0.851
4.1,0.79,0,6,0,0.775
2.82,0.78,3,3,0.3,0.619
3.83,0.43,0,4,0,0.737
3.1,0.88,0,2,0,0.872
4.86,0.7,0,1,0,0.729
2.04,0.62,0,1,0,0.939
3.64,0.93,0,0,0,0.872
1.45,0.81,1,2,1,0.643
4.5,0.94,0,7,0,0.81
3.16,0.41,2,2,0.3,0.578
1.84,0.53,0,4,0,0.904
3.74,0.69,2,5,0.3,0.639
3.26,0.81,0,2,0,0.898
4.82,0.99,0,2,0,0.76
3.86,0.89,0,7,0,0.849
1.7,0.84,0,6,0,1
3.43,0.48,0,5,0,0.824
4.27,0.98,0,3,0,0.763
4.23,0.59,1,6,0.3,0.604
2.76,0.75,2,3,0.3,0.686
1.66,0.82,0,5,0,0.992
4.35,0.85,0,1,0,0.759
3.92,0.65,0,5,0,0.803
1.64,0.91,0,1,0,0.989
4.28,0.77,2,1,0.6,0.442
2.95,0.55,0,0,0,0.88
4.21,0.93,0,4,0,0.837
3.39,0.49,0,2,0,0.79
4.34,0.59,0,2,0,0.774
3.02,0.72,1,6,1,0.508
1.41,0.8,0,2,0,1
4.64,0.87,3,6,0.3,0.535
3.18,0.83,0,4,0,0.896
3.71,0.64,0,1,0,0.813
4.68,0.5,1,7,0.3,0.594
3.79,0.42,0,7,0,0.759
4.94,0.66,2,1,0.3,0.469
1.24,0.83,0,0,0,0.988
1.15,0.46,0,6,0,1
1.24,0.52,0,3,0,0.998
1.96,0.67,1,2,1,0.536
4.31,0.8,1,4,0.3,0.596
2.32,0.81,2,5,1,0.449
3.89,0.53,0,3,0,0.776
4.86,0.95,0,5,0,0.741
4.4,0.99,1,6,0.6,0.508
1.28,0.49,3,6,0.3,0.695
1.21,0.59,3,7,0.6,0.61
3.07,0.55,0,3,0,0.814
4.04,0.91,1,6,0.3,0.672
4.37,0.48,1,5,1,0.297
3.81,0.43,1,6,0.3,0.576
4,0.5,0,5,0,0.755
4.11,0.93,0,6,0,0.834
4.48,0.69,0,1,0,0.761
2.62,0.55,0,5,0,0.873
1.64,0.45,0,6,0,0.955
1.44,0.83,1,3,0.3,0.868
3.64,0.7,0,0,0,0.827
3.64,0.56,0,7,0,0.779
4.65,0.89,0,1,0,0.74
2.67,0.99,0,7,0,0.947
4.91,0.7,0,6,0,0.749
4.77,0.59,0,0,0,0.676
4.58,0.74,1,2,0.6,0.47
4.73,0.86,0,4,0,0.754
4.89,0.88,0,3,0,0.732
3.55,0.6,1,5,0.3,0.658
3.19,0.81,0,6,0,0.844
3.01,0.56,0,1,0,0.814
4.73,0.4,0,1,0,0.693
3.6,0.58,0,5,0,0.814
4.52,0.88,1,1,0.3,0.62
2.04,0.81,0,4,0,0.959
3.17,0.47,1,3,0.6,0.565
1.66,0.44,0,7,0,0.973
3.33,0.97,0,7,0,0.839
2.93,0.82,0,3,0,0.871
2.54,0.78,0,7,0,0.937
2.82,0.95,0,7,0,0.895
3.15,0.62,1,1,1,0.449
2.07,0.7,0,2,0,0.941
2.23,0.64,0,0,0,0.935
1.5,0.92,2,7,1,0.556
4.01,0.41,1,5,0.6,0.491
4.64,0.7,0,5,0,0.747
1.9,0.89,1,6,1,0.559
2.47,0.45,0,2,0,0.895
1.15,0.73,0,3,0,0.997
4.1,0.78,1,0,1,0.354
2.67,0.73,2,7,1,0.472
3.7,0.86,0,5,0,0.862
2.11,0.83,0,6,0,0.915
1.01,0.94,0,0,0,1
4.78,0.46,0,1,0,0.694
2.53,0.66,2,2,0.3,0.662
4.64,0.61,0,7,0,0.7
4.36,0.75,0,7,0,0.73
3.62,0.94,1,2,0.3,0.708
3.49,0.46,0,5,0,0.764
1.45,0.86,0,3,0,1
2.06,0.49,0,1,0,0.919
4.22,0.49,0,1,0,0.739
4.9,0.85,3,4,0.6,0.406
4.38,0.75,0,1,0,0.746
1.11,0.42,0,6,0,0.994
2.39,0.6,0,3,0,0.92
2.52,0.76,0,1,0,0.912
4.9,0.89,0,0,0,0.731
2.08,0.6,0,1,0,0.938
1.34,0.61,1,7,0.6,0.717
1.67,0.91,2,0,0.6,0.724
4.39,0.9,2,1,1,0.308
2.29,0.44,0,4,0,0.89
4.02,0.9,0,5,0,0.847
4.96,0.96,0,6,0,0.739
3,0.42,0,7,0,0.81
2.62,0.47,2,7,0.3,0.658
2.69,0.99,0,6,0,0.946
2.03,0.95,1,4,0.3,0.847
1.44,0.66,1,6,1,0.604
1.28,0.91,0,3,0,1
3.78,0.53,1,3,0.3,0.639
2.54,0.41,0,4,0,0.888
2.2,0.43,1,1,0.6,0.625
2.21,0.73,0,4,0,0.921
2.48,0.61,0,6,0,0.877
2.28,0.52,0,0,0,0.865
1.48,0.95,0,7,0,1
1.81,0.85,0,4,0,0.99
3.79,0.5,0,7,0,0.791
4.97,0.89,0,6,0,0.745
3.36,0.6,0,1,0,0.79
2.44,0.61,1,0,0.6,0.68
1.84,0.55,0,3,0,0.973
2.24,0.84,0,2,0,0.913
2.42,0.57,2,5,0.6,0.623
4.27,0.49,3,6,0.3,0.48
3.39,0.85,0,6,0,0.857
4.64,0.53,0,0,0,0.725
1.25,0.5,0,5,0,0.965
2.98,0.81,0,0,0,0.876
3.46,0.88,1,7,0.6,0.583
4.14,0.64,1,7,0.3,0.629
3.6,0.51,1,5,0.3,0.643
2.84,0.47,1,2,0.6,0.578
3.65,0.64,0,2,0,0.842
2.35,0.95,0,1,0,0.966
3.69,0.84,0,2,0,0.792
1.14,0.59,0,1,0,0.984
1.37,0.77,0,0,0,1
4.96,0.81,0,7,0,0.761
3.24,0.64,2,3,0.3,0.669
2.45,0.72,0,6,0,0.9
3.86,0.67,1,0,0.6,0.524
3.9,0.86,0,1,0,0.788
2.75,0.83,0,7,0,0.916
4.7,0.75,0,4,0,0.727
2.24,0.82,0,6,0,0.954
1.43,0.64,0,3,0,0.979
4.83,0.91,1,5,0.3,0.557
1.88,0.47,0,3,0,0.937
1.17,0.54,0,7,0,1
4.74,0.83,0,3,0,0.748
4.82,0.49,1,0,1,0.316
2.53,0.84,0,5,0,0.897
2.76,0.85,2,4,0.3,0.714
4.84,0.51,0,3,0,0.659
4.94,0.64,0,1,0,0.725
4.57,0.95,0,6,0,0.803
2.85,0.66,0,3,0,0.911
3.89,0.54,0,3,0,0.783
3.16,0.95,0,6,0,0.905
2.62,0.66,0,6,0,0.878
3.85,0.58,0,7,0,0.764
2.75,0.95,0,0,0,0.918
2.37,0.62,0,6,0,0.881
1.55,0.76,2,6,0.6,0.691
3.72,0.64,0,4,0,0.778
4.6,0.92,1,0,0.6,0.492
4.06,0.84,0,7,0,0.781
2.86,0.43,0,7,0,0.827
1.85,0.46,2,2,0.6,0.616
4.52,0.56,1,3,1,0.304
3.1,0.97,2,6,0.6,0.546
2.6,0.55,0,5,0,0.889
2.81,0.51,0,7,0,0.87
3.52,0.43,0,3,0,0.775
1.42,0.82,2,5,1,0.595
1.45,0.87,1,1,1,0.612
4.85,0.68,0,2,0,0.749
4.6,0.94,0,7,0,0.766
1.15,0.98,0,7,0,1
4.18,0.88,0,5,0,0.762
3.53,0.83,1,5,1,0.451
1.45,0.51,1,1,0.6,0.714
4.9,0.57,0,5,0,0.669
1.97,0.74,0,4,0,0.946
4.68,0.59,1,6,0.3,0.549
2.63,0.56,0,4,0,0.881
1.71,0.93,0,0,0,1
1.32,0.77,0,5,0,1
2.71,0.55,1,4,0.3,0.696
3.98,0.66,1,5,0.3,0.63
1.63,0.57,0,7,0,0.949
3.04,0.76,0,3,0,0.864
1.32,0.61,0,2,0,0.979
4.31,0.95,0,4,0,0.812
1.02,0.53,0,4,0,0.994
4.37,0.91,1,2,0.6,0.52
3.07,0.94,1,6,0.6,0.646
3.83,0.71,0,3,0,0.802
2.41,0.55,0,3,0,0.927
2.81,0.77,0,4,0,0.911
1.76,0.59,0,6,0,0.977
4.38,0.76,1,2,0.6,0.516
3.16,0.74,0,4,0,0.893
4.41,0.62,0,6,0,0.725
3.47,0.43,0,2,0,0.797
3.8,0.57,0,3,0,0.778
2.65,0.41,0,7,0,0.876
3.37,0.59,0,3,0,0.863
3.27,0.58,0,6,0,0.826
3.13,0.84,0,6,0,0.89
4.26,0.67,2,0,0.3,0.531
1.08,0.99,2,4,0.6,0.752
4.96,0.46,2,5,0.6,0.387
4.06,0.85,0,0,0,0.785
3,0.53,0,2,0,0.869
1.26,0.96,0,0,0,1
1.78,0.61,0,3,0,0.932
2.3,0.95,0,0,0,0.969
3.37,0.92,0,2,0,0.839
4.78,0.63,0,7,0,0.678
3.23,0.89,3,7,0.3,0.64
4.04,0.4,0,7,0,0.76
2.27,0.77,3,0,0.3,0.688
4.33,0.73,0,6,0,0.803
3.05,0.64,3,1,0.6,0.486
4.53,0.51,1,1,0.3,0.533
3.42,0.47,0,6,0,0.842
3.78,0.97,0,0,0,0.848
2.79,0.42,0,2,0,0.815
2.17,0.7,1,6,0.6,0.652
3.75,0.46,0,1,0,0.74
3.3,0.88,0,7,0,0.83
2.7,0.7,2,1,0.6,0.579
2.91,0.76,0,0,0,0.906
2.16,0.64,0,5,0,0.928
2.99,0.58,0,2,0,0.839
4.38,0.42,0,3,0,0.726
3.78,0.49,0,2,0,0.758
2.19,0.98,2,5,0.3,0.794
1.33,0.83,0,3,0,1
1.63,0.97,1,2,0.6,0.718
4.53,0.42,0,3,0,0.741
3.93,0.98,0,4,0,0.823
2.09,0.59,0,0,0,0.942
3.19,0.42,0,7,0,0.825
1.02,0.87,0,5,0,1
3.25,0.96,0,0,0,0.858
4.01,0.66,0,7,0,0.814
2.43,0.89,0,3,0,0.949
1.09,0.88,0,7,0,1
3.1,0.87,1,7,0.6,0.619
3.19,0.79,0,2,0,0.871
4.31,0.89,0,6,0,0.804
4,0.93,0,7,0,0.791
3.58,0.45,1,6,1,0.371
1.27,0.7,0,2,0,1
4.61,0.56,2,0,0.6,0.397
4.8,0.82,0,4,0,0.705
3.12,0.82,2,2,0.6,0.539
4.44,0.99,3,7,0.6,0.399
2.34,0.56,0,0,0,0.908
4.25,0.56,0,2,0,0.733
1.69,0.91,0,4,0,1
4.85,0.82,0,4,0,0.714
4.76,0.7,0,4,0,0.715
1.13,0.43,0,5,0,0.983
4.31,0.45,1,3,0.6,0.443
3.92,0.77,0,3,0,0.815
2.96,0.51,0,5,0,0.872
3.02,0.76,0,7,0,0.87
4.44,0.91,0,5,0,0.797
2.42,0.46,0,7,0,0.893
2.95,0.89,0,0,0,0.915
4.12,0.68,0,7,0,0.808
3.04,0.67,0,6,0,0.821
4.22,0.79,0,7,0,0.791
1.71,0.65,0,5,0,0.956
4.54,0.64,0,2,0,0.729
3.15,0.46,0,6,0,0.793
4.75,0.6,1,2,0.6,0.43
1.65,0.93,1,5,1,0.619
1.55,0.51,2,6,0.6,0.626
4.86,0.49,0,0,0,0.694
1.98,0.49,0,1,0,0.894
2.03,0.92,2,5,1,0.503
4.51,0.66,0,3,0,0.741
1.25,0.99,0,2,0,1
1.15,0.54,0,1,0,0.975
2.68,0.77,0,3,0,0.92
4.71,0.99,0,4,0,0.751
4.27,0.48,2,1,0.6,0.392
1.65,0.64,0,5,0,0.998
3.43,0.46,2,6,1,0.361
3.09,0.58,0,7,0,0.844
2.75,0.74,2,4,0.6,0.608
1.01,0.56,1,5,0.6,0.785
1.73,0.54,0,7,0,0.915
2.92,0.84,0,5,0,0.857
3.14,0.83,0,1,0,0.842
3.72,0.77,0,2,0,0.803
2.17,0.89,0,6,0,0.972
4.43,0.95,0,7,0,0.746
1.05,0.48,0,4,0,0.979
4.77,0.73,1,3,0.3,0.543
1.85,0.74,1,1,0.6,0.68
4.96,0.63,1,3,1,0.274
2.93,0.84,0,4,0,0.9
4.24,0.59,1,0,0.3,0.603
3.4,0.61,2,5,0.6,0.494
4.07,0.5,0,7,0,0.736
4.25,0.55,1,7,0.6,0.482
2.67,0.67,1,1,1,0.463
4.11,0.86,2,2,1,0.361
3.86,0.84,0,1,0,0.826
2.26,0.62,1,0,0.3,0.796
2.03,0.68,2,7,0.6,0.623
4.66,0.85,0,2,0,0.758
3.58,0.52,2,5,0.6,0.511
3.26,0.76,0,0,0,0.862
3.91,0.41,0,2,0,0.763
4.25,0.65,0,7,0,0.782
2.43,0.46,1,7,0.6,0.653
2.17,0.75,0,0,0,0.979
4.54,0.86,0,2,0,0.742
2.29,0.53,0,1,0,0.867
2.19,0.81,1,3,0.3,0.756
2.77,0.59,0,0,0,0.863
2.43,0.9,1,2,0.3,0.814
1.07,0.41,0,7,0,1
3.64,0.46,1,2,0.6,0.523
4.88,0.83,1,4,1,0.312
4.22,0.56,0,2,0,0.724
1.2,0.58,3,3,0.6,0.611
1.19,0.86,0,4,0,0.999
1.97,0.85,0,4,0,0.933
2.48,0.72,0,0,0,0.927
3.06,0.43,1,4,1,0.415
2.86,0.45,0,6,0,0.825
1.44,0.66,0,4,0,1
4.39,0.96,0,3,0,0.819
2.69,0.88,0,7,0,0.928
3.02,0.5,1,1,0.6,0.542
2.49,0.59,0,6,0,0.927
1.25,0.49,0,7,0,1
1.09,0.95,0,2,0,1
4.9,0.89,0,6,0,0.756
2.67,0.78,0,0,0,0.94
1.41,0.72,0,2,0,0.985
3.3,0.42,0,1,0,0.821
2.17,0.8,0,1,0,0.974
4.28,0.67,0,3,0,0.74
3.12,0.5,0,6,0,0.799
1.39,0.57,0,3,0,0.981
2.66,0.81,0,5,0,0.89
1.77,0.51,1,2,1,0.547
1.06,0.54,1,0,0.3,0.864
3.47,0.96,0,3,0,0.84
4.76,0.47,0,5,0,0.664
2.47,0.81,0,6,0,0.958
2.07,0.54,0,5,0,0.939
1.46,0.87,0,1,0,0.976
3.8,0.68,3,6,0.3,0.531
4.46,0.93,0,5,0,0.784
3.02,0.99,0,4,0,0.865
4.82,0.91,1,3,0.6,0.519
1.15,0.41,2,2,0.6,0.703
1.21,0.75,1,6,0.3,0.823
3.98,0.98,0,6,0,0.817
4.41,0.78,0,6,0,0.794
2.38,0.44,0,5,0,0.894
3.42,0.44,2,6,0.3,0.631
3.44,0.58,0,4,0,0.853
3.92,0.82,0,5,0,0.845
4.68,0.68,2,4,1,0.302
2.09,0.85,0,5,0,0.941
3.5,0.74,0,5,0,0.804
4.07,0.79,2,1,1,0.334
4.13,0.5,2,0,0.6,0.408
4.39,0.91,2,3,0.3,0.555
1.2,0.7,0,0,0,0.983
3.22,0.62,0,2,0,0.843
2.75,0.76,0,0,0,0.899
2.78,0.69,1,4,0.6,0.604
4.6,0.72,0,2,0,0.714
3.11,0.52,0,6,0,0.813
4.42,0.71,0,5,0,0.764
4.37,0.61,1,7,0.3,0.559
2.14,0.53,0,2,0,0.903
2.06,0.57,0,0,0,0.901
3.39,0.58,0,0,0,0.806
2.1,0.74,0,2,0,0.943
1.02,0.53,0,2,0,1
1.99,0.64,1,2,0.3,0.796
2.16,0.73,0,2,0,0.904
2.52,0.64,2,1,0.6,0.556
1.57,0.85,0,2,0,1
2.06,0.46,0,4,0,0.927
3.27,0.58,0,3,0,0.852
2.58,0.97,0,6,0,0.923
4.2,0.85,0,4,0,0.791
1.35,0.76,1,5,0.6,0.778
1.93,0.59,0,5,0,0.933
3.97,0.53,0,1,0,0.759
2.97,0.42,0,0,0,0.808
1.58,0.98,0,2,0,1
4.7,0.95,0,2,0,0.783
3.71,0.47,0,4,0,0.787
4.06,0.78,0,5,0,0.784
2.42,0.65,1,3,0.6,0.645
2.72,0.42,1,2,0.6,0.564
1.36,0.59,0,3,0,0.975
3.9,0.94,0,0,0,0.827
3.36,0.99,0,4,0,0.85
2.06,0.91,0,0,0,0.976
4.25,0.56,0,4,0,0.787
1.56,0.95,1,7,0.6,0.786
3.35,0.8,0,7,0,0.853
1.41,0.73,0,1,0,1
3.47,0.97,2,0,0.3,0.645
4.13,0.9,0,5,0,0.782
1.09,0.47,1,7,0.3,0.806
1.13,0.45,1,3,0.6,0.7
3.22,0.71,0,4,0,0.852
4.46,0.49,1,6,1,0.341
2.31,0.69,0,4,0,0.927
4.15,0.6,0,6,0,0.751
3.98,0.62,0,0,0,0.796
3.42,0.8,0,1,0,0.816
3.82,0.6,0,3,0,0.799
4.16,0.76,1,7,0.3,0.621
1.19,0.42,0,4,0,0.959
3.1,0.55,0,1,0,0.81
2.27,0.57,0,2,0,0.943
3.61,0.67,2,7,0.3,0.604
4.69,0.59,0,6,0,0.746
4.88,0.77,0,1,0,0.716
2.82,0.48,0,0,0,0.894
2.92,0.79,0,1,0,0.877
1.36,0.98,1,6,0.6,0.808
2.39,0.49,0,5,0,0.875
3.4,0.71,0,7,0,0.805
3.63,0.72,1,2,0.3,0.654
3.47,0.81,0,7,0,0.808
1.16,0.8,3,6,0.6,0.637
3.56,0.96,0,5,0,0.881
1.5,0.49,0,0,0,0.958
2.5,0.7,3,2,0.3,0.689
4.16,0.88,0,6,0,0.828
1.56,0.88,1,6,0.6,0.772
1.25,0.42,0,6,0,0.976
1.7,0.55,1,5,0.6,0.705
4.5,0.56,0,0,0,0.718
4.14,0.53,0,1,0,0.79
4.07,0.53,0,1,0,0.723
3.58,0.64,0,2,0,0.829
1.09,0.72,1,0,1,0.633
3.52,0.85,0,4,0,0.863
2.38,0.69,1,3,0.6,0.645
2.86,0.74,0,0,0,0.909
1.7,0.42,2,7,0.3,0.759
2.72,0.85,1,2,1,0.481
3.99,0.52,0,2,0,0.762
1.56,0.8,0,3,0,1
3.44,0.75,0,7,0,0.828
1.13,0.58,0,2,0,1
2.76,0.71,0,4,0,0.908
2.35,0.46,0,2,0,0.916
3.74,0.5,0,3,0,0.794
3.86,0.77,0,5,0,0.819
2.36,0.69,2,4,0.3,0.705
4.08,0.66,1,4,0.3,0.585
2.43,0.42,1,4,0.6,0.645
1.07,0.58,0,4,0,1
1.59,0.63,0,3,0,0.936
4.68,0.87,1,4,0.6,0.476
3.84,0.63,0,6,0,0.778
3.75,0.88,0,0,0,0.795
3.93,0.92,0,7,0,0.844
3.69,0.59,2,3,0.3,0.628
1.01,0.99,0,6,0,1
3.23,0.79,3,7,0.6,0.469
4.42,0.64,0,4,0,0.774
2.24,0.68,0,6,0,0.886
1.73,0.98,0,6,0,1
3.13,0.69,0,6,0,0.84
4,0.74,0,7,0,0.819
2.08,0.93,0,4,0,0.945
3.33,0.59,0,5,0,0.868
3.61,0.86,2,6,0.6,0.55
1.77,0.7,0,5,0,0.971
4.55,0.88,1,5,0.3,0.586
2.85,0.4,1,5,0.3,0.658
2.85,0.66,0,4,0,0.87
3.77,0.99,0,4,0,0.873
4.23,0.95,0,4,0,0.829
2.29,0.88,0,6,0,0.964
1.14,0.67,0,6,0,0.976
1.54,0.46,0,1,0,0.935
1.64,0.81,0,0,0,1
4.04,0.7,1,2,0.6,0.554
1.84,0.52,1,3,1,0.52
2.75,0.68,0,4,0,0.909
3.85,0.45,3,1,0.3,0.504
4.38,0.77,0,3,0,0.771
3.45,0.94,0,0,0,0.847
4.32,0.41,0,0,0,0.749
3.46,0.63,0,5,0,0.855
2.82,0.8,0,2,0,0.871
2.04,0.61,0,4,0,0.915
3.56,0.99,0,6,0,0.866
2.15,0.79,0,2,0,0.96
3.92,0.55,1,6,0.3,0.631
4.43,0.84,2,4,0.6,0.478
2.92,0.62,1,2,0.6,0.599
4.24,0.75,1,7,0.6,0.549
3.89,0.52,1,0,0.3,0.652
4.48,0.56,0,1,0,0.713
3.11,0.7,0,6,0,0.851
3.32,0.96,1,7,0.3,0.752
3.87,0.9,0,7,0,0.861
2.38,0.53,2,3,1,0.408
2.94,0.51,0,1,0,0.851
1.92,0.68,0,0,0,0.95
1.74,0.88,0,1,0,0.988
3.85,0.61,1,0,0.6,0.559
1.25,0.82,0,7,0,1
2.63,0.57,0,0,0,0.859
2.5,0.42,0,3,0,0.895
4.18,0.96,0,0,0,0.814
3.56,0.8,0,2,0,0.864
2.39,0.74,2,0,1,0.473
2.32,0.61,0,1,0,0.92
1.74,0.66,0,2,0,0.945
2.15,0.74,2,3,1,0.527
4.27,0.88,1,0,0.3,0.655
4.1,0.5,1,4,0.6,0.482
3.29,0.64,0,0,0,0.86
2.03,0.79,0,0,0,0.922
1.26,0.97,2,6,0.3,0.845
3.86,0.75,1,2,1,0.373
4.96,0.65,1,2,0.6,0.439
4.56,0.57,0,1,0,0.722
2.83,0.41,0,6,0,0.846
1.67,0.92,0,4,0,1
1.31,0.66,2,1,0.3,0.828
3.44,0.47,0,7,0,0.814
2.33,0.57,0,5,0,0.896
4.71,0.58,0,4,0,0.681
4.95,0.42,0,0,0,0.67
1.48,0.82,0,6,0,0.976
2.05,0.9,2,0,0.3,0.748
2.26,0.49,2,1,0.6,0.577
1.99,0.83,0,1,0,0.965
4.53,0.96,2,2,0.3,0.568
2.99,0.71,0,6,0,0.892
4.6,0.56,0,1,0,0.754
1.15,0.55,1,7,1,0.565
2.86,0.41,0,6,0,0.814
4.14,0.71,1,6,1,0.409
1.85,0.48,0,1,0,0.933
4,0.81,0,6,0,0.772
2.02,0.94,3,6,0.6,0.637
2.61,0.94,0,0,0,0.932
2.72,0.74,2,7,0.6,0.578
3.28,0.52,1,6,0.3,0.648
4.19,0.82,2,4,0.6,0.462
1.3,0.87,1,5,0.3,0.849
3.2,0.58,0,4,0,0.876
2.72,0.8,2,4,0.3,0.693
2.19,0.58,0,4,0,0.885
4.46,0.42,0,3,0,0.691
1.36,0.74,0,7,0,0.979
3.76,0.72,0,1,0,0.79
2.5,0.61,2,1,0.3,0.675
1.58,0.77,1,6,0.3,0.84
4.45,0.9,0,6,0,0.793
3.85,0.58,0,2,0,0.749
2.56,0.61,0,2,0,0.929
1.53,0.56,0,7,0,0.945
3.14,0.73,1,5,0.3,0.678
3.39,0.7,0,5,0,0.821
3.08,0.9,0,5,0,0.846
3.23,0.58,2,1,0.6,0.535
1.36,0.53,0,4,0,0.939
1.07,0.66,0,5,0,1
1.32,0.6,1,5,0.3,0.874
3.21,0.77,0,0,0,0.874
4.5,0.72,0,6,0,0.73
2.62,0.89,1,3,0.6,0.65
4.23,0.5,1,2,1,0.338
3.28,0.9,0,4,0,0.856
4.67,0.5,0,0,0,0.732
2.69,0.99,1,4,0.6,0.693
4.45,0.53,1,4,0.3,0.591
2.58,0.97,0,4,0,0.921
1.05,0.45,0,5,0,0.987
3.65,0.5,1,1,0.6,0.53
3.98,0.47,0,2,0,0.766
2.84,0.51,0,2,0,0.837
3.01,0.86,2,7,0.6,0.579
2.94,0.84,0,1,0,0.864
4.11,0.58,0,0,0,0.795
2.97,0.48,1,0,0.3,0.725
2.6,0.96,0,1,0,0.951
2.13,0.42,0,2,0,0.942
4.37,0.96,0,4,0,0.774
2.2,0.81,0,6,0,0.976
1.44,0.8,1,3,0.6,0.743
3.13,0.45,0,6,0,0.857
4.35,0.68,0,2,0,0.776
2.44,0.6,0,2,0,0.88
4.59,0.48,0,0,0,0.705
1.89,0.84,1,2,0.6,0.683
2.14,0.87,0,7,0,0.997
1.11,0.91,0,4,0,1
2.44,0.6,0,4,0,0.923
3.43,0.93,0,4,0,0.886
3.78,0.41,0,2,0,0.785
2.98,0.76,1,0,0.6,0.614
1.11,0.54,0,2,0,1
4.95,0.99,0,5,0,0.762
4.43,0.86,0,2,0,0.788
2.76,0.59,1,2,0.6,0.626
4.94,0.4,2,7,1,0.215
1.32,0.44,0,1,0,0.944
1.42,0.78,0,2,0,1
4.77,0.72,0,6,0,0.738
4.88,0.94,1,5,1,0.36
3.88,0.48,0,0,0,0.756
1.66,0.81,0,0,0,0.948
4.1,0.49,3,2,0.3,0.501
2.65,0.97,0,0,0,0.932
3.71,0.66,0,4,0,0.801
1.41,0.65,0,4,0,0.971
4.17,0.97,0,5,0,0.829
4.75,1,0,5,0,0.745
2.59,0.9,2,5,0.6,0.594
4.95,0.95,1,0,0.3,0.573
2.1,0.44,0,1,0,0.875
4.18,0.9,0,1,0,0.82
1.82,0.74,0,1,0,0.994
2.95,0.97,0,6,0,0.936
4.06,0.5,0,0,0,0.766
4.16,0.49,1,1,0.6,0.494
4.94,0.61,0,6,0,0.679
3.6,0.8,2,3,0.6,0.503
4.18,0.88,2,5,1,0.312
2.01,0.82,0,1,0,0.937
1.92,0.53,1,0,0.6,0.656
1.55,0.5,0,0,0,0.924
4.88,0.79,0,6,0,0.752
3.14,0.56,0,0,0,0.806
2.92,0.9,0,7,0,0.923
4.14,0.49,0,1,0,0.718
1.65,0.72,3,0,0.6,0.596
4.51,0.6,0,6,0,0.758
1.99,0.88,0,7,0,0.956
1.16,0.43,1,4,0.6,0.701
3.68,0.84,0,1,0,0.826
1.79,0.47,0,0,0,0.913
2.81,0.8,0,5,0,0.892
4.24,0.46,0,0,0,0.767
1.98,0.59,0,1,0,0.955
3.3,0.71,0,1,0,0.859
2.76,0.92,0,2,0,0.937
2.11,0.87,0,2,0,0.928
3.51,0.72,0,2,0,0.804
3.83,0.99,0,3,0,0.862
1.77,0.94,0,0,0,1
2.74,0.68,0,5,0,0.855
3.29,0.47,2,1,1,0.404
2.51,0.43,0,1,0,0.883
4.28,0.62,0,0,0,0.755
4.54,0.49,1,0,0.6,0.492
3.96,0.9,0,5,0,0.806
3.69,0.48,2,7,0.3,0.608
3.36,0.69,0,6,0,0.828
2.3,0.87,0,3,0,0.942
4.63,0.72,0,1,0,0.746
3.18,0.89,2,1,0.6,0.548
4.48,0.55,0,1,0,0.741
2.57,0.6,0,1,0,0.86
4.68,0.54,1,1,1,0.301
2.92,0.76,0,4,0,0.857
4.9,0.59,1,6,0.3,0.53
4.31,0.63,0,1,0,0.732
4.85,0.7,1,6,0.6,0.44
2.64,0.87,0,5,0,0.914
4.34,0.67,0,2,0,0.794
2.23,0.83,0,0,0,0.939
1.61,0.54,2,4,1,0.495
2.68,0.62,0,4,0,0.901
1.46,0.95,0,4,0,1
3.39,0.48,0,5,0,0.844
3.78,0.79,0,0,0,0.84
4.51,0.92,0,6,0,0.811
1.09,0.62,1,7,0.6,0.731
2.81,0.72,0,2,0,0.877
4.25,0.64,1,1,0.6,0.529
4.86,0.88,0,5,0,0.701
1.95,0.73,0,1,0,0.995
3.22,0.48,1,4,1,0.386
4.68,0.62,2,1,0.3,0.519
3.35,0.59,0,7,0,0.83
2.42,0.89,2,3,0.3,0.725
2.73,0.7,1,1,0.6,0.605
4.8,0.87,0,3,0,0.736
1.32,0.53,1,7,0.6,0.716
4.71,0.68,0,1,0,0.7
2.22,0.94,0,1,0,0.987
1.47,0.66,0,7,0,0.964
1.88,0.9,0,5,0,0.987
3.24,0.9,0,4,0,0.876
2.51,0.71,0,1,0,0.899
4.68,0.54,1,5,0.3,0.566
2.8,0.76,0,5,0,0.859
3.19,0.48,0,5,0,0.844
2.03,0.9,1,6,0.3,0.853
4.87,0.57,0,4,0,0.685
3.15,0.88,0,4,0,0.864
1.94,0.7,2,7,0.6,0.628
4,1,2,4,0.6,0.511
3.98,0.61,0,6,0,0.797
2.54,0.49,1,2,0.3,0.76
1.5,0.51,1,2,0.6,0.711
1.17,0.5,0,5,0,1
4.88,0.8,1,2,0.6,0.474
2,0.8,0,2,0,0.924
3.07,0.41,0,2,0,0.812
2.81,0.46,0,3,0,0.819
3.75,0.87,0,4,0,0.825
1.9,0.55,0,2,0,0.914
2.89,0.69,0,4,0,0.867
4.58,0.86,1,1,0.6,0.464
1.75,0.46,1,6,0.3,0.792
3.27,0.51,0,2,0,0.832
3.91,1,0,0,0,0.851
4.91,0.56,0,1,0,0.689
1.15,0.67,0,3,0,1
3.69,0.65,1,7,0.3,0.642
3.97,0.61,0,5,0,0.762
2.87,0.98,0,0,0,0.885
4.84,0.5,2,1,0.3,0.526
1.9,0.69,0,3,0,0.924
2.81,0.7,0,2,0,0.893
1.36,0.62,1,1,0.6,0.75
2.93,0.88,2,4,0.6,0.616
2.96,0.73,1,3,1,0.47
2.9,0.5,0,4,0,0.825
3.49,0.42,0,7,0,0.812
2.63,0.46,1,5,0.6,0.629
3.04,0.62,1,6,0.6,0.564
2.34,0.48,2,0,0.6,0.549
3.82,0.76,0,5,0,0.833
2.06,0.95,0,2,0,0.976
4.75,0.42,1,2,0.3,0.572
3.99,0.91,0,6,0,0.831
1.1,0.66,0,1,0,0.992
2.64,0.61,1,7,1,0.486
2.97,0.53,0,4,0,0.89
1.62,0.42,0,7,0,0.923
2.27,0.84,1,4,0.6,0.713
3.39,0.75,0,2,0,0.882
4.98,0.75,0,2,0,0.686
4.42,0.81,0,1,0,0.784
2.02,0.49,0,6,0,0.942
3.25,0.53,1,3,0.3,0.687
4.21,0.51,0,4,0,0.729
4.26,0.98,2,5,0.6,0.511
4.61,0.55,1,5,0.6,0.494
1.46,0.73,0,1,0,1
2.22,0.67,0,1,0,0.935
4.88,0.79,0,3,0,0.695
2.64,0.48,0,3,0,0.868
3.41,0.83,0,0,0,0.883
1.36,0.96,0,6,0,1
1.62,0.62,0,6,0,0.992
2.98,0.72,2,3,0.3,0.682
4.16,0.77,0,3,0,0.807
4.79,0.57,0,3,0,0.724
4.98,0.55,0,2,0,0.653
4.88,0.6,0,6,0,0.742
4.89,1,1,0,0.6,0.517
4.16,0.57,1,6,0.3,0.624
1.95,0.73,0,0,0,0.947
4.63,0.65,1,6,1,0.316
2.15,0.47,0,5,0,0.883
4.76,0.62,0,3,0,0.753
1.15,0.82,0,3,0,1
2.5,0.59,1,4,0.6,0.672
3.13,0.48,0,0,0,0.858
4.58,0.98,0,6,0,0.744
1.36,0.8,0,6,0,1
4.61,0.66,1,1,0.6,0.496
4.82,0.72,0,1,0,0.729
4.11,0.83,0,5,0,0.825
2.57,0.89,1,1,1,0.542
2.35,0.87,0,1,0,0.972
4.03,0.52,0,5,0,0.739
2.16,0.43,1,3,0.6,0.661
1.19,0.77,2,3,0.6,0.75
4.19,0.4,2,4,0.3,0.51
2.98,0.75,0,0,0,0.89
3.39,0.95,0,4,0,0.854
3.9,0.67,0,4,0,0.796
3.69,0.91,0,4,0,0.812
2.33,0.86,0,5,0,0.956
1.49,0.93,0,2,0,0.994
4.84,0.7,0,1,0,0.742
2.3,0.47,0,2,0,0.919
2.38,0.97,0,1,0,0.924
4.89,0.64,0,6,0,0.728
3.98,0.59,0,3,0,0.809
3.22,0.87,0,7,0,0.907
3.65,0.85,0,2,0,0.818
3.49,0.9,0,0,0,0.867
1.57,0.81,0,5,0,0.976
3.77,0.49,0,4,0,0.815
3.22,0.9,2,2,0.3,0.705
2.97,0.82,0,0,0,0.913
3.32,0.91,0,4,0,0.899
2.33,0.74,0,4,0,0.938
3.9,0.78,0,3,0,0.846
3.69,0.5,2,0,0.3,0.598
4.42,0.94,0,6,0,0.79
3.1,0.81,0,6,0,0.896
1.54,0.89,0,3,0,1
2.25,0.82,0,2,0,0.909
4.51,0.57,2,7,1,0.247
4.3,0.95,1,0,0.6,0.565
2.35,0.58,1,7,1,0.469
1.23,0.84,0,2,0,1
1.2,0.93,0,7,0,1
3.76,0.79,0,4,0,0.787
1.92,0.82,1,7,0.6,0.714
4.66,0.5,0,2,0,0.683
3.04,0.84,0,2,0,0.849
3.29,0.92,1,1,0.3,0.691
3.88,0.78,0,4,0,0.769
1.84,0.84,0,4,0,0.95
2.85,0.47,0,2,0,0.892
1.86,0.46,2,4,1,0.45
1.9,0.61,0,1,0,0.955
2.71,0.74,1,1,0.3,0.726
4.73,0.68,1,0,0.6,0.438
4.38,0.57,3,0,0.3,0.46
3.32,0.45,0,3,0,0.796
2.07,0.79,0,1,0,0.96
3.61,0.44,0,0,0,0.814
4.9,0.59,0,3,0,0.713
2.7,0.53,2,0,0.3,0.698
2.57,0.41,0,2,0,0.882
2.6,0.94,1,1,0.6,0.699
2.36,0.66,0,4,0,0.928
1.4,0.54,0,7,0,0.995
4.3,0.6,1,1,0.6,0.455
3.07,0.93,0,7,0,0.897
2.76,0.45,2,7,0.6,0.509
2.45,0.9,1,7,0.6,0.711
4.35,0.99,1,0,1,0.369
1.55,0.83,0,3,0,1
4.93,0.68,0,0,0,0.717
2.48,0.75,0,5,0,0.946
2.27,0.54,1,6,0.6,0.656
2.53,0.74,0,4,0,0.923
2.63,0.69,0,0,0,0.867
4.93,0.54,0,7,0,0.703
3.27,0.9,1,6,0.6,0.636
1.46,0.5,0,0,0,0.937
3.59,0.41,0,7,0,0.777
1.58,0.8,0,0,0,0.965
2.07,0.69,0,5,0,0.952
2.1,0.86,1,0,0.3,0.773
1.53,0.88,0,4,0,1
4.02,0.58,1,0,0.3,0.596
2.16,0.78,0,0,0,0.961
3.1,0.43,0,5,0,0.855
1.25,0.41,0,3,0,0.96
3.41,0.46,0,2,0,0.8
1.77,0.97,0,0,0,0.97
3.46,0.5,1,0,0.3,0.619
1.26,0.55,1,7,0.6,0.697
1.71,0.7,0,2,0,0.965
1.18,0.49,0,4,0,1
4.25,0.72,2,5,0.6,0.487
3.8,0.47,0,3,0,0.81
3.04,0.8,3,5,0.3,0.589
2.07,0.79,1,2,0.6,0.721
1.61,0.92,0,5,0,0.974
4.77,0.76,1,0,0.6,0.478
3.39,0.96,1,7,0.3,0.72
2.81,0.51,1,7,0.3,0.692
4.34,0.98,0,5,0,0.761
4.3,0.4,0,6,0,0.691
4.18,0.41,0,1,0,0.706
4.2,0.71,1,2,0.3,0.622
2.16,0.58,1,3,1,0.486
4.07,0.42,0,4,0,0.735
3.42,0.56,0,3,0,0.795
1.66,0.76,0,6,0,0.985
4.57,0.6,0,3,0,0.751
2.09,0.45,0,6,0,0.893
4.65,0.68,1,0,0.6,0.505
1.54,0.86,0,4,0,1
1.87,0.81,0,7,0,0.98
4.5,0.84,1,1,0.6,0.542
1.89,0.8,0,0,0,0.99
2.7,0.88,0,5,0,0.879
1.58,0.47,1,5,0.6,0.705
3.47,0.98,0,4,0,0.897
1.18,0.43,0,4,0,0.983
1.61,0.6,0,3,0,0.946
2.96,0.83,0,0,0,0.867
2.38,0.95,1,3,0.3,0.757
3.92,0.71,2,3,0.6,0.474
3.6,0.8,2,4,0.6,0.559
1.47,0.57,0,2,0,0.988
3.6,0.69,0,4,0,0.81
1.46,0.95,2,7,1,0.535
2.68,0.6,1,7,0.3,0.7
4.62,0.76,0,0,0,0.776
4.76,0.61,0,6,0,0.75
1.83,0.84,0,6,0,0.96
3.27,0.44,0,3,0,0.812
2.8,0.92,0,7,0,0.945
3.63,0.57,0,3,0,0.781
1.19,0.62,1,0,0.3,0.837
3.89,0.63,0,5,0,0.753
3.6,1,0,5,0,0.828
1.07,0.83,0,6,0,1
1.71,0.88,0,4,0,1
2.3,0.46,0,4,0,0.929
1.67,0.77,0,2,0,1
4.97,0.69,0,0,0,0.69
3.73,0.46,0,1,0,0.76
3.1,0.72,0,3,0,0.837
4.91,0.81,1,2,0.3,0.61
1.83,0.88,0,2,0,1
2.19,0.88,1,6,0.3,0.766
4.55,0.83,0,4,0,0.729
1.67,0.89,0,4,0,1
3.81,0.47,0,1,0,0.746
3.9,0.74,2,4,0.6,0.522
4.18,0.88,0,3,0,0.817
2.37,0.8,1,0,0.3,0.745
3.7,0.79,0,0,0,0.832
4.47,0.68,0,4,0,0.767
4.13,0.77,0,7,0,0.821
4.73,0.52,0,3,0,0.7
3.83,0.59,1,3,0.6,0.529
4.36,0.58,0,2,0,0.78
4.85,0.69,0,2,0,0.695
1.43,0.87,0,3,0,1
3.32,0.53,1,1,0.6,0.597
3.56,0.83,0,3,0,0.858
3.94,0.54,0,4,0,0.763
3.5,0.41,0,2,0,0.78
4.41,0.55,0,3,0,0.744
4.93,0.99,0,1,0,0.722
4.72,0.7,0,0,0,0.736
2.4,0.58,1,3,0.3,0.714
2.44,0.42,0,5,0,0.846
2.58,0.84,1,0,1,0.488
1.99,0.61,2,3,0.6,0.668
4.68,0.96,1,6,0.3,0.637
4.14,0.49,0,3,0,0.759
1.99,0.71,0,4,0,0.981
4.28,0.72,0,1,0,0.742
3.86,0.54,0,4,0,0.814
4.23,0.7,0,6,0,0.803
4.78,0.81,0,5,0,0.758
4.31,0.83,0,2,0,0.773
4.02,0.59,1,3,0.3,0.597
1.33,0.49,0,4,0,1
4.09,0.81,0,3,0,0.778
1.8,0.62,1,7,0.6,0.694
4.69,0.8,0,2,0,0.746
4.1,0.56,0,5,0,0.763
1.01,0.48,0,5,0,0.961
1.98,0.48,0,0,0,0.945
3,0.5,0,5,0,0.833
2.8,0.97,0,7,0,0.948
3.02,0.99,0,5,0,0.894
2.54,0.61,1,3,0.3,0.77
2.96,0.58,0,5,0,0.86
4.96,0.98,0,6,0,0.744
3.52,0.67,0,5,0,0.837
1.31,0.98,0,1,0,1
1.15,0.95,0,2,0,1
3.94,0.72,0,3,0,0.785
4.35,0.53,0,1,0,0.73
2.58,0.69,1,5,0.6,0.665
3.3,0.95,0,3,0,0.912
3.42,0.58,0,0,0,0.847
4.86,0.61,1,7,0.6,0.428
3.33,0.49,0,1,0,0.839
1.58,0.65,1,7,0.3,0.807
1.22,0.89,0,1,0,1
1.26,0.5,1,5,0.3,0.848
2.85,0.92,0,2,0,0.941
2.84,0.8,1,7,0.6,0.619
2.43,0.44,2,6,0.6,0.57
3.39,0.65,0,4,0,0.851
1.39,0.51,0,3,0,0.994
2.54,0.52,2,5,0.6,0.539
2.04,0.99,0,5,0,1
3.75,0.96,0,6,0,0.857
3.89,0.74,0,4,0,0.81
2.12,0.95,0,0,0,0.984
3.87,0.9,0,4,0,0.785
4.78,0.48,0,2,0,0.708
1.99,0.51,1,7,0.6,0.638
3.07,0.54,0,4,0,0.838
3.77,0.63,0,2,0,0.83
3.85,0.55,1,2,1,0.389
4.99,0.57,0,3,0,0.673
1.06,1,0,4,0,1
2.67,0.85,1,1,1,0.517
4.98,0.53,1,0,0.3,0.494
1.77,0.79,0,4,0,0.996
1.4,0.5,0,1,0,0.984
3.92,0.58,1,3,0.3,0.615
1.34,0.76,0,0,0,1
3.87,0.94,0,5,0,0.848
2.95,0.53,0,1,0,0.859
1.57,0.49,0,4,0,0.942
3.13,0.85,2,1,1,0.399
4.17,0.52,3,2,0.6,0.399
2.85,0.59,0,6,0,0.832
3.45,0.54,0,1,0,0.804
4.41,0.5,0,6,0,0.739
1.23,0.41,0,4,0,1
3.61,0.64,0,6,0,0.832
3.71,0.55,0,0,0,0.826
4.59,0.74,1,6,0.6,0.469
2.08,0.5,0,2,0,0.895
4.75,0.7,0,6,0,0.697
4.97,0.8,2,5,0.6,0.388
1.3,0.82,3,7,0.3,0.727
3.47,0.8,0,3,0,0.825
3.13,0.8,0,2,0,0.838
2.84,0.48,0,0,0,0.855
4.97,0.76,0,0,0,0.721
4.05,0.44,2,0,0.6,0.454
1.39,0.61,0,7,0,1
4.1,0.42,1,4,0.3,0.591
3.23,0.72,2,5,0.3,0.686
2.23,0.62,2,4,0.6,0.618
2.84,0.86,0,1,0,0.937
4.11,0.91,0,3,0,0.822
2.75,0.97,0,5,0,0.898
1.46,0.84,0,4,0,1
2.4,0.81,2,2,0.3,0.689
4.03,0.9,0,5,0,0.81
1.03,0.84,0,5,0,1
3.1,0.94,0,7,0,0.851
3.71,0.67,3,0,0.6,0.408
4.33,0.89,0,4,0,0.813
4.45,0.58,0,3,0,0.751
1.82,0.52,1,6,0.6,0.642
4.45,0.55,0,2,0,0.751
3.27,0.78,3,7,0.6,0.501
2.36,0.83,0,6,0,0.94
1.95,0.96,0,5,0,0.949
2.82,0.61,0,3,0,0.893
4.69,0.75,0,7,0,0.712
2.71,0.54,2,5,0.3,0.702
1.57,0.64,0,1,0,0.972
4.14,0.57,0,7,0,0.771
1.1,0.68,1,0,0.3,0.878
1.43,0.63,0,0,0,0.974
1.94,0.54,0,1,0,0.898
4.7,0.63,0,5,0,0.733
4.16,0.6,1,1,0.6,0.467
2.51,0.98,0,0,0,0.972
4.8,0.71,0,4,0,0.728
1.09,0.65,0,5,0,1
1.31,0.73,0,5,0,1
3.82,0.44,1,3,0.3,0.595
2.94,0.74,0,7,0,0.852
4.11,0.82,0,6,0,0.793
2.84,0.64,1,3,0.6,0.615
2.27,0.77,0,4,0,0.964
2.52,0.59,0,3,0,0.907
1.71,0.72,0,4,0,0.982
3.55,0.5,0,1,0,0.827
2.85,1,0,3,0,0.905
1.33,0.86,0,6,0,1
4.89,0.82,0,2,0,0.746
3.51,0.72,0,7,0,0.86
2.99,0.46,0,0,0,0.874
4.79,0.92,2,7,1,0.311
2.74,0.58,0,4,0,0.894
2.19,0.94,1,5,1,0.549
4.7,0.44,0,2,0,0.702
3.77,0.46,0,6,0,0.808
3.96,0.96,0,4,0,0.811
2.96,0.57,0,7,0,0.878
2.13,0.73,0,6,0,0.908
2.23,0.84,0,1,0,0.924
3.86,0.99,1,0,0.3,0.678
4.79,0.56,0,7,0,0.716
4.83,0.47,0,7,0,0.665
3.52,0.99,0,0,0,0.888
1.31,0.48,0,4,0,0.984
1.23,0.43,1,5,0.3,0.844
2.35,0.46,0,1,0,0.88
3.55,0.66,0,7,0,0.834
4.14,0.56,1,0,1,0.385
2.36,0.51,0,3,0,0.888
1.7,0.63,2,6,1,0.515
3.44,0.74,1,5,1,0.449
4.93,0.58,0,7,0,0.675
3.77,0.51,0,1,0,0.799
3.52,0.65,0,0,0,0.851
1.79,0.66,3,4,0.6,0.623
3.95,0.7,0,5,0,0.796
4.69,0.51,0,7,0,0.701
1.79,0.87,1,2,0.6,0.717
3.6,0.91,0,4,0,0.857
4.68,0.91,0,7,0,0.788
3.41,0.78,0,0,0,0.863
4.47,0.47,0,5,0,0.723
3.56,0.47,2,7,0.6,0.502
4.91,0.87,0,3,0,0.704
3.39,0.44,0,5,0,0.802
4.46,0.47,0,5,0,0.742
3.23,0.49,0,0,0,0.84
4.7,0.86,0,4,0,0.733
2.45,0.55,1,5,0.6,0.612
4.92,0.44,0,7,0,0.661
3.22,0.8,0,4,0,0.85
2.44,0.67,1,1,0.6,0.659
1.91,0.9,1,1,0.3,0.787
4.44,0.65,1,5,0.6,0.52
4.25,0.65,3,0,0.6,0.364
4.48,0.54,0,3,0,0.749
4.47,0.82,0,0,0,0.78
2.61,0.67,0,6,0,0.897
2.2,0.47,0,0,0,0.941
4.1,0.84,0,1,0,0.79
3.89,0.71,1,3,0.3,0.623
3.56,0.54,0,5,0,0.782
3.24,0.86,0,1,0,0.839
4.02,0.95,0,1,0,0.835
3.32,0.6,2,6,0.3,0.606
4.39,0.78,1,7,0.6,0.518
2.42,0.41,0,3,0,0.909
4.14,0.48,0,7,0,0.732
1.9,0.83,1,2,0.6,0.677
4.11,0.53,0,6,0,0.769
2.65,0.85,1,2,0.6,0.678
1.94,0.94,1,5,0.6,0.745
1.42,0.89,3,1,1,0.497
3.94,0.53,1,1,0.6,0.539
1.92,0.96,0,6,0,1
3.1,0.42,0,6,0,0.821
4.71,0.83,0,6,0,0.739
4.8,0.97,0,6,0,0.773
1.72,0.75,1,4,0.6,0.741
4.21,0.71,0,1,0,0.804
1.76,0.69,0,5,0,0.933
1.64,0.9,0,4,0,0.998
2.89,0.87,0,7,0,0.883
1.95,0.81,0,1,0,0.985
1.59,0.82,0,4,0,0.99
4.99,0.49,0,6,0,0.708
4.41,0.8,0,3,0,0.73
4.48,0.83,0,1,0,0.781
1.44,0.59,0,6,0,0.962
2.7,0.59,0,1,0,0.906
4.15,0.56,0,5,0,0.773
4.76,0.73,0,1,0,0.701
4.55,0.79,0,0,0,0.786
4.57,0.42,0,5,0,0.697
2.47,0.93,0,0,0,0.955
3.19,0.88,1,3,0.6,0.648
1.83,0.71,0,4,0,0.99
4.75,0.52,0,6,0,0.676
3.64,0.72,0,0,0,0.836
4.37,0.85,0,4,0,0.747
1.48,0.56,0,2,0,0.992
2.86,0.58,0,7,0,0.853
2.93,1,0,4,0,0.936
3.17,0.77,0,4,0,0.846
3.12,0.7,0,1,0,0.897
1.42,0.57,2,1,0.6,0.692
3.7,0.53,0,1,0,0.782
3.78,0.97,1,4,1,0.415
1.39,0.55,0,1,0,0.971
2.93,0.6,0,1,0,0.856
1.48,0.94,0,0,0,1
1.16,0.41,0,7,0,0.956
4.05,0.48,0,2,0,0.726
3.42,0.6,0,6,0,0.812
3.92,0.74,1,0,0.6,0.552
3.21,0.75,0,3,0,0.895
3.54,0.56,0,4,0,0.779
2.15,0.82,1,3,0.6,0.655
3.94,0.57,0,3,0,0.739
3.76,0.58,0,7,0,0.8
3.62,0.43,1,2,1,0.373
4.74,0.84,0,3,0,0.768
2.39,0.66,0,0,0,0.949
1.5,0.68,2,6,0.3,0.768
1.89,0.49,1,2,0.3,0.751
4.97,0.41,0,2,0,0.673
1.2,0.86,0,1,0,1
2.12,0.83,0,2,0,0.959
1,0.86,0,7,0,1
2.41,0.6,0,5,0,0.873
4.49,0.68,0,1,0,0.756
2.14,0.93,0,1,0,0.975
3.43,0.53,0,2,0,0.79
2.2,0.9,1,2,0.3,0.815
1.21,0.58,0,2,0,1
2.81,0.84,1,5,0.3,0.719
1.04,0.97,0,0,0,1
4.24,0.83,1,1,1,0.388
1.74,0.95,1,0,0.6,0.718
4.11,0.63,0,6,0,0.802
2.12,0.9,0,2,0,0.929
4.2,0.55,0,0,0,0.748
3.78,0.81,0,1,0,0.786
2.43,0.45,3,0,1,0.414
2.19,0.41,0,3,0,0.934
4.63,0.55,2,7,0.3,0.478
1.3,0.85,0,0,0,1
4.36,0.75,0,3,0,0.788
1.58,0.64,0,3,0,1
2.7,0.91,1,1,0.3,0.749
4.12,0.54,1,2,0.6,0.534
4.06,0.72,0,2,0,0.764
4.67,0.48,1,5,1,0.321
3.27,0.56,1,1,0.3,0.666
2.93,0.64,0,2,0,0.896
2.53,0.56,3,2,0.6,0.494
1.37,0.8,1,6,1,0.648
3.32,0.47,0,2,0,0.828
1.42,0.64,0,0,0,0.977
1.9,0.83,1,6,0.3,0.813
3.9,0.83,0,0,0,0.797
1.44,0.62,0,3,0,0.969
3.88,0.6,2,3,0.6,0.475
1.48,0.83,0,5,0,0.995
4.91,0.92,1,4,0.6,0.484
2.85,0.75,0,5,0,0.847
2.3,0.99,0,2,0,0.971
1.65,0.63,0,2,0,0.975
3.98,0.58,1,6,1,0.357
1.96,0.64,0,4,0,0.918
2.41,0.42,1,0,0.6,0.635
1.36,0.47,2,2,1,0.485
2.24,0.81,0,5,0,0.981
3.91,0.93,1,4,0.6,0.531
1.61,0.78,1,3,0.6,0.763
3.24,0.52,0,0,0,0.812
4.45,0.69,0,5,0,0.765
1.21,0.85,0,1,0,1
3.07,0.69,0,7,0,0.849
4.12,0.4,1,3,0.6,0.495
4.67,0.5,0,5,0,0.672
4.38,0.93,0,1,0,0.82
1.98,0.57,0,5,0,0.931
1.68,0.9,0,0,0,0.961
4.43,0.41,0,5,0,0.7
4.92,0.89,0,3,0,0.712
1.85,0.77,2,7,0.6,0.645
2.88,0.45,0,2,0,0.826
1.74,0.4,0,3,0,0.939
1.04,0.48,0,5,0,1
4.93,0.67,0,6,0,0.724
1.68,0.6,0,4,0,0.969
3.9,0.41,0,0,0,0.793
4.19,0.85,1,2,0.6,0.542
4.68,0.5,0,5,0,0.693
1.25,0.88,0,3,0,1
4.64,0.76,0,0,0,0.704
3.98,0.61,0,2,0,0.744
1.96,0.84,0,5,0,0.964
3.65,0.55,0,7,0,0.758
3.89,0.51,1,4,0.3,0.618
2.14,0.45,2,1,0.6,0.63
1.84,0.92,0,1,0,0.995
4.15,0.64,0,0,0,0.801
3.03,0.64,0,4,0,0.833
4.57,0.6,2,7,1,0.246
4.44,0.6,1,1,0.6,0.467
2.89,0.59,1,5,0.6,0.588
3.72,0.64,2,7,0.3,0.608
2.08,0.84,0,5,0,0.957
2.73,0.64,0,5,0,0.846
2.24,0.93,1,2,0.6,0.719
1.31,0.7,0,4,0,0.999
4.46,0.71,1,6,0.3,0.573
1.32,0.98,0,3,0,1
2.91,0.82,0,7,0,0.886
4.95,0.5,0,7,0,0.669
4.9,0.92,0,1,0,0.777
3.96,0.67,1,0,0.3,0.653
1.17,0.79,0,4,0,1
4.87,0.65,2,0,0.6,0.383
3.51,0.68,3,6,0.3,0.533
3.88,0.59,0,7,0,0.77
1.97,0.99,1,4,1,0.58
4.12,0.44,0,3,0,0.761
2.9,0.65,1,7,0.3,0.691
3.93,0.79,1,7,0.6,0.557
2.56,0.64,0,7,0,0.92
3.94,0.6,0,3,0,0.758
4.55,0.55,0,6,0,0.727
2.68,0.98,2,2,0.6,0.587
1.74,0.95,0,7,0,1
3.9,0.93,0,0,0,0.848
3.13,0.72,1,0,1,0.445
4.83,0.88,1,3,0.6,0.449
4.44,0.47,0,5,0,0.76
1.79,0.41,0,7,0,0.909
2.45,1,0,5,0,0.988
2.89,0.63,0,2,0,0.85
2.4,0.71,2,0,0.3,0.746
3.23,0.63,0,7,0,0.853
1.64,0.79,0,4,0,0.999
2.8,0.62,0,0,0,0.874
1.83,0.72,1,0,0.6,0.717
1.73,0.95,0,2,0,1
1.47,0.49,0,7,0,1
3.91,0.89,0,6,0,0.779
3.24,0.85,0,3,0,0.894
3.23,0.98,0,0,0,0.907
1.58,0.72,0,0,0,0.966
1.61,0.65,0,4,0,0.948
3.6,0.41,0,5,0,0.792
3.4,0.6,0,5,0,0.797
4.85,0.98,3,7,0.6,0.399
2.94,0.52,0,1,0,0.863
1.12,0.75,0,3,0,1
2.97,0.49,2,2,0.6,0.551
3.82,0.55,1,3,0.6,0.538
1.18,0.56,0,6,0,0.985
3.89,0.86,0,3,0,0.852
1.9,0.42,3,5,1,0.44
3.35,0.73,1,7,1,0.423
2.77,0.5,2,3,0.3,0.664
3.98,0.82,0,4,0,0.83
3.4,0.56,1,3,0.6,0.598
1.67,0.92,1,6,0.6,0.754
4.76,0.69,0,1,0,0.715
4.52,0.4,0,0,0,0.698
3.37,0.9,0,6,0,0.885
2.94,0.48,0,6,0,0.86
2.13,0.78,0,6,0,0.985
1.36,0.82,0,5,0,1
1.19,0.89,0,6,0,1
1.34,0.45,0,6,0,0.937
3.36,0.45,2,6,1,0.381
3.37,0.9,0,6,0,0.856
4.15,0.91,0,7,0,0.821
2.71,0.74,0,0,0,0.907
3.01,0.61,0,2,0,0.876
2.79,0.9,1,6,1,0.548
1.37,0.47,2,5,0.6,0.668
1.89,0.9,3,5,0.6,0.586
1.12,0.45,0,2,0,0.995
1.47,0.85,0,2,0,0.988
3.69,0.87,1,1,1,0.466
4.42,0.7,0,0,0,0.788
1.26,0.67,0,7,0,1
1.63,0.45,1,6,0.6,0.698
3.77,0.53,1,6,0.3,0.609
1.37,0.43,0,3,0,0.966
3.72,0.62,1,1,0.3,0.64
1.32,0.89,1,4,0.6,0.778
3.1,0.82,1,2,0.3,0.752
2.45,0.65,0,5,0,0.943
1.58,0.43,2,3,0.6,0.618
4.78,0.73,0,1,0,0.766
4.97,0.79,0,3,0,0.73
3.55,0.89,0,5,0,0.843
3.43,0.9,0,7,0,0.819
1.3,0.66,0,7,0,0.967
3.86,0.58,0,0,0,0.787
1.34,0.64,1,0,0.3,0.85
2.27,0.82,0,1,0,0.935
5,0.45,0,6,0,0.675
2.71,0.64,0,6,0,0.92
1.68,0.67,0,5,0,0.951
1.04,0.74,0,4,0,1
4.42,0.98,2,0,0.3,0.549
4.18,0.72,3,2,0.3,0.552
2.9,0.85,1,0,0.6,0.667
2.56,0.89,0,0,0,0.963
1.11,0.54,0,6,0,1
4.66,0.53,0,6,0,0.746
4.98,0.87,0,0,0,0.691
4.11,0.51,1,0,0.6,0.513
2.54,0.93,0,4,0,0.945
3.39,0.5,0,0,0,0.84
2.73,0.94,0,0,0,0.929
1.57,0.57,0,7,0,0.93
2.9,0.56,0,3,0,0.835
3.34,0.48,0,5,0,0.838
2.07,0.99,0,3,0,0.979
1.39,0.67,1,5,0.6,0.707
4.3,0.91,1,2,0.3,0.649
4.12,0.98,0,1,0,0.823
4.02,0.69,1,6,0.3,0.666
4.05,0.87,0,2,0,0.825
4.63,0.7,0,4,0,0.756
1.92,0.99,2,2,0.3,0.81
4.81,0.81,0,6,0,0.712
1.16,0.63,3,4,0.6,0.663
1.75,0.94,0,5,0,1
2.96,0.54,0,5,0,0.823
2.27,0.96,0,2,0,0.942
2.22,0.47,1,4,0.3,0.783
1.65,0.65,0,1,0,0.979
3.57,0.59,0,7,0,0.834
3.72,0.78,0,6,0,0.823
1.86,0.58,0,5,0,0.907
3.65,0.83,0,3,0,0.81
3.26,0.98,0,3,0,0.891
4.75,0.57,0,5,0,0.699
2.42,0.52,0,0,0,0.88
3.13,0.5,2,5,0.6,0.503
1.96,0.81,1,1,0.6,0.702
3.47,0.66,0,6,0,0.808
4.27,0.67,3,1,0.3,0.539
2.66,0.59,0,5,0,0.898
3.99,0.96,1,4,0.3,0.639
4.16,0.55,1,3,1,0.387
2.74,0.74,1,3,0.6,0.642
4.23,0.51,0,3,0,0.741
2.08,0.41,0,0,0,0.912
3.72,0.91,1,5,0.6,0.543
1.64,0.8,0,4,0,0.952
3.52,0.48,0,3,0,0.781
1.58,0.47,0,6,0,0.943
4.98,0.89,2,1,0.6,0.413
3.45,0.64,0,0,0,0.818
2.61,0.52,0,0,0,0.884
4.53,0.6,0,2,0,0.714
3.87,0.62,0,6,0,0.795
2.92,0.96,1,2,1,0.493
3.47,0.62,0,0,0,0.851
4.83,0.8,0,6,0,0.761
4.31,0.53,0,4,0,0.745
2.64,0.84,0,2,0,0.951
2.14,0.52,1,4,1,0.516
1.12,0.79,1,7,0.3,0.859
1.7,0.89,0,3,0,1
2.46,0.73,1,3,0.3,0.781
3.17,0.72,0,3,0,0.896
2.19,0.97,0,7,0,0.938
4.18,0.97,1,3,1,0.432
4,0.46,0,1,0,0.756
1.12,0.86,0,7,0,1
2.05,0.97,0,6,0,0.962
1.55,0.66,0,7,0,1
4.58,0.89,0,2,0,0.755
3.95,0.78,0,4,0,0.765
3.68,0.55,0,4,0,0.78
2.41,0.52,0,0,0,0.907
1.41,0.8,0,7,0,0.992
2.71,0.46,0,1,0,0.893
2.47,0.91,1,2,0.3,0.747
4.05,0.71,0,2,0,0.765
2.39,0.45,0,3,0,0.904
1.84,0.98,0,3,0,0.977
4.8,0.45,0,5,0,0.658
1.44,0.47,0,2,0,0.962
2.11,0.69,0,7,0,0.976
3.07,0.6,0,6,0,0.811
1.93,0.66,0,2,0,0.979
1.21,0.61,0,3,0,1
4.4,0.7,0,7,0,0.778
2.38,0.59,0,5,0,0.925
4.82,0.48,0,0,0,0.667
3.81,0.43,0,7,0,0.743
3.51,0.87,0,0,0,0.868
2.26,0.53,0,3,0,0.931
3.73,0.63,0,0,0,0.811
4.74,0.56,0,4,0,0.712
2.89,0.8,0,7,0,0.904
3.27,0.76,0,1,0,0.82
3.19,0.42,1,3,0.6,0.573
3.71,0.51,0,3,0,0.811
2.43,0.74,0,1,0,0.953
1.34,0.92,0,1,0,1
1.69,0.45,1,4,0.6,0.663
4.48,0.72,0,3,0,0.712
2.09,0.69,0,4,0,0.962
4.25,0.54,2,0,0.6,0.476
4.14,0.53,0,3,0,0.774
3.46,0.98,1,6,1,0.451
1.32,0.44,2,5,1,0.496
2.25,0.53,0,3,0,0.915
4.47,0.57,0,2,0,0.726
3.54,0.6,0,0,0,0.791
4.04,0.62,1,3,1,0.352
2.42,0.86,0,2,0,0.969
2.38,0.44,0,6,0,0.851
1.86,0.52,0,6,0,0.94
2.85,0.75,1,4,1,0.508
3.62,0.87,0,1,0,0.853
2.6,0.95,3,5,0.6,0.577
2.11,0.54,3,4,0.6,0.575
3.15,0.56,0,1,0,0.839
3.81,0.55,0,1,0,0.761
4.42,0.89,0,4,0,0.773
3.34,0.86,0,0,0,0.845
2.86,0.93,1,7,0.6,0.61
1.09,0.79,0,5,0,1
2.95,0.72,0,5,0,0.837
3.82,0.93,0,1,0,0.865
3.35,1,0,0,0,0.878
3.81,0.59,0,3,0,0.762
1.03,0.57,3,5,0.6,0.67
1.39,0.96,1,4,0.3,0.851
2.86,0.95,0,5,0,0.911
1.08,0.49,0,3,0,0.959
4.51,0.79,0,2,0,0.765
1.04,0.75,1,2,0.6,0.792
2.94,0.49,1,3,0.6,0.625
4.09,0.78,0,4,0,0.8
3.07,0.79,0,4,0,0.839
4.44,0.71,0,7,0,0.763
1.11,0.8,0,0,0,1
2.75,0.72,0,7,0,0.919
1.82,0.64,1,2,1,0.553
3.22,0.48,0,0,0,0.857
4.34,0.87,0,7,0,0.808
1.84,0.72,0,2,0,0.954
3.84,0.47,1,2,1,0.38
4.61,0.94,1,3,0.3,0.577
1.43,0.94,2,5,1,0.564
3.05,0.54,0,3,0,0.862
3.57,0.95,0,2,0,0.854
1.97,0.63,0,0,0,0.924
3.21,0.51,0,3,0,0.835
1.38,0.89,0,7,0,1
2.46,0.9,2,0,0.3,0.69
1.15,0.82,2,3,0.3,0.836
2.9,0.42,0,2,0,0.836
4.3,0.56,1,0,1,0.382
3.58,0.61,0,6,0,0.822
3.2,0.6,0,4,0,0.816
1.72,0.64,3,0,0.3,0.734
1.74,0.55,0,4,0,0.927
2.66,0.42,0,4,0,0.872
4.91,0.95,0,2,0,0.782
1.78,0.87,1,2,0.3,0.795
4.04,0.8,3,3,0.3,0.506
1.73,0.86,0,1,0,0.97
3.46,0.41,1,1,0.3,0.611
1.95,0.71,0,2,0,0.987
3.68,0.91,0,3,0,0.817
1.93,0.61,0,1,0,0.919
2.38,0.42,3,2,0.6,0.495
3.04,0.89,0,5,0,0.859
2.48,0.57,0,1,0,0.874
3.26,0.92,0,4,0,0.913
1.48,0.76,0,7,0,0.973
1.48,0.96,0,0,0,1
1.82,0.51,0,7,0,0.914
1.6,0.51,2,2,0.3,0.775
4.32,0.84,0,5,0,0.76
4.17,0.72,0,5,0,0.754
1.59,0.8,0,0,0,0.957
2.01,0.62,0,7,0,0.958
1.73,0.46,0,7,0,0.945
3.44,0.55,0,3,0,0.828
3.95,0.66,0,3,0,0.804
2.32,0.43,0,3,0,0.874
2.25,0.88,0,0,0,0.943
1.32,0.79,0,3,0,1
3.09,0.74,0,5,0,0.832
2.64,0.76,1,4,0.3,0.725
1.39,0.8,1,3,0.3,0.872
3.96,0.96,2,3,0.6,0.486
1.35,0.54,0,1,0,0.952
3.65,0.74,0,4,0,0.84
1.04,0.75,0,4,0,1
3.02,0.62,1,4,0.6,0.583
4.67,0.85,0,3,0,0.791
1.03,0.82,1,6,0.3,0.86
1.62,0.58,0,5,0,0.985
3.43,0.82,3,0,0.6,0.518
3.3,0.87,0,1,0,0.898
3.09,0.52,0,2,0,0.878
1.11,0.68,1,4,0.6,0.788
2.29,0.92,0,2,0,0.99
3.49,0.7,0,1,0,0.791
4.82,0.52,0,1,0,0.735
1.71,0.43,1,2,1,0.509
3.26,0.58,0,0,0,0.822
3.69,0.41,0,5,0,0.816
4.43,0.91,1,0,1,0.38
3.67,0.77,1,2,1,0.452
2.35,0.45,1,0,0.6,0.606
2.05,0.6,0,1,0,0.916
2.64,0.95,0,2,0,0.927
3.78,0.44,0,5,0,0.792
3,0.87,0,1,0,0.869
3.62,0.75,0,0,0,0.801
3.06,0.77,0,4,0,0.853
3.99,0.68,1,0,0.3,0.661
3.57,0.83,0,2,0,0.863
2.09,0.52,0,5,0,0.903
1.3,0.88,0,4,0,1
4.22,0.54,0,2,0,0.767
4.04,0.45,0,7,0,0.776
3.74,0.62,2,2,0.6,0.45
1.13,0.63,0,7,0,1
1.35,0.45,0,4,0,0.978
1.03,0.63,0,0,0,0.989
1.01,0.64,0,7,0,0.99
4.88,0.48,1,6,0.6,0.47
4.77,1,0,7,0,0.723
4.33,0.81,1,5,0.3,0.627
3.63,0.61,0,5,0,0.786
2.24,0.49,0,2,0,0.913
4.83,0.9,0,0,0,0.728
1.14,0.91,1,5,0.3,0.923
4.6,0.93,0,3,0,0.806
4.78,0.63,1,7,0.3,0.581
2.29,0.48,0,1,0,0.91
2.04,0.97,0,7,0,0.971
4.19,0.64,1,1,0.6,0.486
2.33,0.91,0,3,0,0.921
3.55,0.78,1,5,0.6,0.601
1.32,0.86,3,5,0.6,0.629
4.67,0.86,0,6,0,0.717
3.32,0.95,0,4,0,0.836
2.95,0.73,0,4,0,0.841
4.82,0.74,0,4,0,0.75
1.79,0.47,1,7,0.6,0.665
1.16,0.57,0,1,0,1
3.8,0.74,1,7,0.6,0.558
2.02,0.96,0,5,0,0.948
4.56,0.74,0,7,0,0.768
2.53,0.46,1,0,0.6,0.622
3.6,0.75,0,7,0,0.83
2.78,0.43,2,6,1,0.402
2,0.45,0,5,0,0.92
3.27,0.71,0,0,0,0.843
1.99,0.46,0,4,0,0.917
3.51,0.59,0,2,0,0.784
4.5,0.75,0,3,0,0.75
3.78,0.74,0,7,0,0.786
4.31,0.69,3,4,0.6,0.41
1.6,0.45,0,0,0,0.964
1.21,0.63,0,5,0,1
3.54,0.57,0,7,0,0.834
1.74,0.46,2,2,0.6,0.653
4.96,0.77,0,4,0,0.684
3.75,0.44,0,2,0,0.803
1.39,0.75,2,0,1,0.56
2.3,0.74,0,1,0,0.904
4.37,0.41,0,2,0,0.697
2.77,0.45,0,1,0,0.879
3.83,0.88,1,0,0.6,0.583
4.1,0.78,1,7,0.6,0.527
1.88,0.49,3,2,0.6,0.609
1.53,0.91,1,2,0.6,0.773
1.13,0.76,0,5,0,1
1.72,0.61,0,0,0,0.936
3.03,0.7,2,5,1,0.431
2.71,0.83,0,4,0,0.931
3.5,0.72,0,3,0,0.8
2.4,0.95,0,3,0,0.98
3.6,0.68,0,0,0,0.842
4.39,0.77,0,1,0,0.77
4.68,0.93,0,3,0,0.75
4.86,0.97,0,4,0,0.778
2.28,0.92,0,1,0,0.922
1.25,0.55,0,2,0,0.976
4.51,0.54,0,1,0,0.73
1.95,0.71,0,3,0,0.971
3.61,0.57,1,2,0.3,0.61
4.56,0.8,1,1,0.6,0.489
1.09,0.63,1,2,0.6,0.762
1.78,0.52,0,6,0,0.909
1.11,0.52,0,4,0,1
2.67,0.72,0,1,0,0.881
1.39,0.43,0,2,0,0.981
2.84,0.58,1,1,0.6,0.636
1.95,0.41,0,5,0,0.926
1.5,0.72,0,4,0,0.978
3.43,0.78,0,0,0,0.845
1.57,0.47,1,5,1,0.55
1.21,0.82,0,3,0,1
3.05,0.69,0,6,0,0.861
2.07,0.91,0,4,0,0.938
3.94,0.68,0,3,0,0.823
1.11,0.85,0,1,0,1
3.47,0.62,0,5,0,0.83
4.8,0.88,0,2,0,0.709
4.89,0.4,0,1,0,0.702
4.17,0.55,0,1,0,0.785
1.41,0.74,0,2,0,1
4.42,0.64,1,2,1,0.357
4.62,0.69,0,2,0,0.75
3.22,0.8,1,1,0.3,0.741
2.54,0.41,0,2,0,0.85
1,0.51,0,0,0,1
3.6,0.52,0,6,0,0.786
3.92,0.68,0,6,0,0.759
2.1,0.49,0,0,0,0.943
2.28,0.86,0,2,0,0.939
2.31,0.53,0,2,0,0.929
2.64,0.62,1,6,0.3,0.709
4.27,0.57,0,0,0,0.748
3.74,0.54,0,7,0,0.8
1.37,0.45,0,5,0,0.983
3.35,0.68,1,6,0.3,0.684
4.18,0.83,0,6,0,0.783
1.56,0.93,1,0,0.6,0.755
1.44,0.45,0,6,0,0.995
4.85,0.58,0,6,0,0.692
2.85,0.93,1,2,0.3,0.745
1.71,0.49,0,1,0,0.986
2.29,0.87,0,0,0,0.957
1.54,0.66,0,5,0,0.954
1.12,1,0,6,0,1
3.67,0.81,0,5,0,0.821
1.29,0.51,0,1,0,0.963
4.73,0.64,0,5,0,0.687
3.09,0.65,0,5,0,0.82
4.74,0.97,2,7,1,0.305
2.1,0.86,1,0,0.6,0.691
1.39,0.91,2,0,0.6,0.728
3.38,0.77,0,5,0,0.858
1.16,0.85,0,3,0,1
2.95,0.78,0,0,0,0.846
4.86,0.74,0,5,0,0.702
2.7,0.57,1,1,1,0.494
1.54,0.7,0,0,0,0.989
4.63,0.62,0,0,0,0.734
4.45,0.8,0,0,0,0.794
2.18,0.95,1,3,0.6,0.715
3.65,0.89,0,5,0,0.865
3.02,0.97,0,7,0,0.893
1.57,0.94,0,4,0,1
4.72,0.65,1,3,1,0.29
4.87,0.58,0,4,0,0.713
4.16,0.67,0,4,0,0.771
1.65,0.72,0,5,0,0.948
2.13,0.4,0,6,0,0.905
2.04,0.66,0,3,0,0.972
3.84,0.5,2,4,0.6,0.465
1.11,0.97,1,7,0.3,0.926
4.83,0.82,0,6,0,0.766
1.24,0.53,0,7,0,0.999
1.92,0.93,1,1,1,0.61
1.07,0.56,0,5,0,1
4.97,0.74,1,6,0.6,0.429
4.75,0.83,0,0,0,0.715
3.72,0.6,0,0,0,0.799
4.95,0.42,0,4,0,0.656
1.58,0.97,0,3,0,1
1.81,0.49,2,4,0.6,0.591
3.72,0.77,0,3,0,0.78
2.7,0.96,2,1,0.3,0.702
2.14,0.41,0,0,0,0.89
3.47,0.47,0,6,0,0.809
3.79,0.79,1,6,1,0.444
4.45,0.42,1,0,0.3,0.594
1.04,0.65,0,2,0,1
4.67,0.99,0,1,0,0.798
2.34,0.87,1,5,0.3,0.766
2.6,0.57,0,5,0,0.922
3.64,0.6,0,5,0,0.789
3.7,0.42,0,0,0,0.751
4.56,0.81,0,1,0,0.73
4.15,0.46,0,2,0,0.728
1.81,0.77,0,5,0,0.988
4.95,0.95,0,3,0,0.704
4.75,0.43,0,2,0,0.713
2.58,0.8,1,5,0.6,0.627
2.55,0.49,1,4,0.6,0.611
4.53,0.98,1,5,0.6,0.534
4.17,0.43,0,4,0,0.732
1.92,0.53,0,3,0,0.9
1.14,0.51,3,0,1,0.462
4.97,0.59,1,1,1,0.321
4.01,0.85,0,3,0,0.816
1.5,0.86,3,0,1,0.544
4.45,0.62,0,6,0,0.776
1.41,0.99,1,6,0.6,0.809
1.81,0.73,1,7,0.3,0.772
4.22,0.79,3,3,0.6,0.406
1.09,0.64,0,3,0,1
3.71,0.44,0,2,0,0.742
4.01,0.54,1,3,1,0.381
3.5,0.81,0,2,0,0.805
3.31,0.99,0,5,0,0.887
2.43,0.72,0,3,0,0.939
4.51,0.73,0,1,0,0.763
4.11,0.61,2,2,0.6,0.484
1.75,0.62,0,0,0,0.936
3.38,0.96,1,7,0.3,0.735
4.96,0.41,0,1,0,0.656
3.96,0.57,0,0,0,0.792
4.95,0.82,0,2,0,0.762
3.45,0.46,0,2,0,0.789
3.05,0.93,0,6,0,0.876
2.15,0.9,0,7,0,0.959
4.91,0.94,0,3,0,0.766
4.93,0.48,3,2,0.6,0.33
2.73,0.75,1,3,0.3,0.751
2.49,0.58,0,3,0,0.864
2.35,0.79,0,2,0,0.957
1.64,0.53,0,2,0,0.932
3.15,0.59,3,6,0.6,0.489
2.22,0.67,0,6,0,0.888
3.8,0.61,0,6,0,0.777
3.49,0.93,0,5,0,0.845
2.47,0.52,0,1,0,0.923
1.72,0.91,0,0,0,0.96
4.63,0.79,1,5,0.3,0.609
3.01,0.71,0,5,0,0.906
3.94,0.66,0,6,0,0.763
2.99,0.49,0,5,0,0.862
4.54,0.87,0,5,0,0.738
4.7,0.76,0,2,0,0.732
3.27,0.98,0,0,0,0.878
4.32,0.68,0,5,0,0.759
4.31,0.78,1,1,0.6,0.54
2.66,0.85,2,3,0.6,0.627
1.97,0.57,2,7,0.3,0.763
4.26,0.5,0,4,0,0.774
1.3,0.58,2,1,0.3,0.798
2.49,0.94,0,5,0,0.969
4.76,0.71,0,5,0,0.697
3.95,0.46,0,4,0,0.737
3.61,0.78,1,7,1,0.462
2.4,0.63,0,7,0,0.915
1.36,0.49,0,0,0,0.94
2.28,0.75,3,2,0.3,0.66
1.38,0.47,1,2,0.3,0.805
3.21,0.72,1,5,0.6,0.582
4.43,0.81,0,2,0,0.78
3.15,0.83,0,2,0,0.867
4.45,0.64,1,5,0.6,0.46
2.68,0.68,1,7,0.6,0.593
2.68,0.41,0,1,0,0.837
2.68,0.52,0,1,0,0.892
2.7,0.74,0,6,0,0.921
1.93,0.6,1,5,0.6,0.686
2.6,0.46,0,7,0,0.883
3.44,0.4,0,4,0,0.769
2.77,0.94,0,0,0,0.908
1.04,0.8,0,2,0,1
1.26,0.54,2,0,0.3,0.744
1.13,0.62,2,0,0.3,0.805
4.21,0.59,0,0,0,0.721
1.26,0.94,0,4,0,1
3.21,0.45,1,4,0.3,0.7
2.24,0.58,1,0,1,0.545
3,0.43,1,2,1,0.448
2.67,0.52,1,2,0.6,0.647
2.63,0.53,0,6,0,0.872
2.95,0.72,0,0,0,0.855
3.86,0.46,0,5,0,0.731
4.51,0.52,0,3,0,0.702
2.51,0.86,0,4,0,0.953
2.84,0.83,0,3,0,0.908
1.56,0.75,1,1,0.3,0.813
1.34,0.53,0,5,0,0.959
4.57,0.6,3,3,0.3,0.483
2.1,0.71,0,1,0,0.948
3.88,0.57,2,1,0.3,0.599
1.92,0.96,0,7,0,1
3.39,0.89,0,1,0,0.899
3.09,0.49,0,3,0,0.854
2.93,0.79,0,2,0,0.893
2.94,0.68,0,3,0,0.851
2.06,0.89,0,4,0,0.997
4.6,0.9,1,1,1,0.388
2.92,0.9,0,3,0,0.922
1.62,0.83,0,1,0,0.97
4.64,0.86,2,0,1,0.337
1.66,0.94,0,0,0,0.997
3.7,0.41,0,6,0,0.81
4.69,0.8,0,0,0,0.732
3.83,0.89,0,2,0,0.849
2.51,0.91,1,1,1,0.54
2.95,0.61,0,7,0,0.897
3.54,0.58,0,2,0,0.805
3.78,0.45,0,6,0,0.754
4.55,0.65,0,6,0,0.717
2.64,0.96,0,0,0,0.915
4.49,0.46,0,7,0,0.752
4.11,0.81,0,0,0,0.823
2.95,0.94,3,6,0.6,0.516
2.25,0.98,3,0,0.6,0.613
2.94,0.82,2,3,0.3,0.714
3.26,0.79,1,1,0.6,0.579